a,n,13679721-n 15114370-n 14853735-n 14731050-n 13658855-n 06844227-n 05408203-n
aa,n,14955610-n 08026923-n 06710698-n
ab,n,06711403-n 15241359-n 05564972-n 05408439-n
abecedarian,n,09775119-n 08110619-n
aborigine,n,09643964-n 09695957-n
ac,n,14651833-n 11444066-n
ace,n,13764713-n 02676145-n 09781932-n 14759821-n 08192397-n 00569738-n
acre,n,13635023-n 08873717-n 08811162-n
actinia,n,01917602-n 01917471-n
adonis,n,10308625-n 11744998-n 09570758-n
advent,n,00049569-n 15266304-n 07337150-n
aether,n,09576728-n 06265492-n
afghan,n,02686177-n 09708831-n 06987792-n 04195013-n 02090746-n
afghani,n,13685334-n 06987792-n
agora,n,13728520-n 08509471-n 02687821-n
agriculture,n,01106311-n 00918295-n 08145946-n 08092123-n
ai,n,08412639-n 06142654-n 02460039-n 00847013-n
air_force,n,08212964-n 08213170-n
al,n,14651998-n 09075641-n
algol,n,09215444-n 06914540-n
allied,a,01979135-a 02623356-a 02623204-a 02485960-a 00735399-a
allies,n,08188491-n 08188109-n 08187877-n
alpine,a,03037260-a 03037104-a 01222044-a
alsatian,n,09805227-n 02109314-n
alum,n,14652485-n 14652297-n 09805779-n 02703481-n
alyssum,n,11891216-n 11891076-n
am,n,14652672-n 06713764-n 06292247-n
amazon,n,09806734-n 09806517-n 09218250-n 01820940-n
ambrosian,a,02626488-a 02404495-a 01182785-a
amp,n,13658855-n 14731871-n
amphisbaena,n,09515864-n 01685677-n
ana,n,09530888-n 08479975-n
ananas,n,12627959-n 07769251-n
anchorage,n,13341713-n 09078369-n 08657351-n 00052872-n 80258799-n 81261025-n
andromeda,n,12263976-n 12249960-n 09520495-n 09220149-n
anemia,n,14218797-n 14396143-n 12976399-n
angel,n,09562026-n 10566407-n 09813158-n 09220538-n
angelus,n,07461344-n 06468054-n
angle,n,13910202-n 06220813-n 09722069-n
anjou,n,08960144-n 07784115-n
annunciation,n,15210982-n 06759903-n 06738907-n
anomia,n,14122145-n 01964991-n
apache,n,09669631-n 09630238-n 06932210-n
apocalypse,n,07330231-n 06459567-n
apocryphal,a,01923074-a 02643873-a
apostle,n,09818884-n 09818636-n 09818234-n
ar,n,14653098-n 13635143-n 09081737-n
archer,n,09824747-n 09772679-n 08705263-n
arctic,a,02453543-a 01255223-a
arctic,n,08513487-n 02738543-n
argonaut,n,09630812-n 09612759-n 01973308-n
argus,n,09513019-n 01806534-n
ark,n,02740472-n 02740356-n
army,n,08208160-n 08200208-n 08411879-n
as,n,14653327-n 09014248-n
ascension,n,15217887-n 07460080-n 07326440-n 07326279-n 00325210-n
ashcan_school,n,08292418-n 02750384-n
assault,n,00976530-n 00769315-n 02386877-n 00774891-n
assumption,n,06766514-n 05900703-n 00083690-n 15218743-n 07372466-n 04845958-n 00084080-n
astragalus,n,12528582-n 05278882-n
astrakhan,n,14788619-n 09026728-n
at,n,14653739-n 13703153-n
atlas,n,09598726-n 06438756-n 05596396-n 02755815-n
atm,n,13733165-n 06289724-n 02980517-n
attic,n,03691456-n 06990270-n 05547087-n 02758828-n
attorney_general,n,09842232-n 10589873-n 00601032-n
au,n,14662977-n 13678862-n
aurora,n,15193837-n 11447355-n 09595291-n
axis,n,06017958-n 13149530-n 08188691-n 08187993-n 05596490-n 02767619-n
b,n,01352589-n 15115309-n 14656049-n 13735626-n 13635537-n 06844334-n 05408321-n
ba,n,14654176-n 06711403-n
babel,n,04467869-n 00380801-n
bacchanalia,n,00512687-n 00512223-n
bacon,n,07686178-n 10850327-n 10850052-n
badger,n,09765867-n 02449997-n
badlands,n,09235479-n 08519818-n
baedeker,n,10850599-n 06434876-n
bailey,n,10850959-n 10850732-n 02778818-n 02778694-n
balance,n,14025764-n 13430153-n 05083996-n 13920689-n 13833030-n 13430333-n 09772396-n 08704888-n 05071996-n 03123190-n 02780407-n 02780105-n
balboa,n,13686258-n 10851456-n
bale,n,02781461-n 09054958-n
ball,n,02781674-n 03807768-n 13922097-n 05532266-n 02782458-n 10852327-n 07977630-n 07463485-n 05583825-n 00472688-n 00108220-n
balm_of_gilead,n,11642401-n 14921234-n 12713282-n
balmoral,n,02786731-n 02786590-n
bam,n,08931499-n 07390857-n
ban,n,06554038-n 13724420-n 13707683-n 07270069-n 06711665-n 92422125-n
band_aid,n,02789081-n 00269301-n
bannister,n,10853191-n 02791171-n
banting,n,10853401-n 02408092-n
bar,n,02800154-n 02792510-n 02791712-n 06877775-n 02792294-n 01079274-n 13733960-n 09236967-n 08129368-n 04690493-n 02940853-n 02910716-n 02793177-n 02793035-n 02792793-n
barber,n,10854035-n 09858283-n
baroque,a,01799504-a 02985568-a
baroque,n,15283887-n 04705655-n
bartlett,n,10856619-n 10856458-n 07784206-n
base,n,02801449-n 03391862-n 02801040-n 09238222-n 08528849-n 06670863-n 05801562-n 02800851-n 14988729-n 14642431-n 13920530-n 13831981-n 13619037-n 08507412-n 08030577-n 06311183-n 03575144-n 02801928-n 02801733-n 02801276-n
basic,n,06915685-n 02803952-n
basil,n,12881125-n 10857514-n 07832140-n
bass,n,04994045-n 07045779-n 09861916-n 07793921-n 07793488-n 06885404-n 02806515-n 02568204-n
bast,n,13120203-n 13119721-n 09535163-n
bastille,n,02808769-n 02808628-n
bath,n,02809715-n 00258637-n 13637841-n 08898429-n
battle_of_verdun,n,01301064-n
beadle,n,09864178-n 10858727-n
beatitude,n,14011204-n 06312002-n
beaver,n,14788796-n 09764560-n 05269619-n 03242119-n 02821389-n 02821270-n 02365657-n
becket,n,10859617-n 02821642-n
bedlam,n,13999769-n 02823933-n
beguine,n,10622103-n 07069034-n 00536358-n
bell,n,02827590-n 03227219-n 07391844-n 15252389-n 13908953-n 10862171-n 10861972-n 10861809-n 03020822-n 02828000-n
bellarmine,n,10862326-n 02828382-n
bellow,n,07136069-n 10862824-n
bench,n,02832068-n 09479337-n 08183086-n 04607813-n 08345627-n 08226440-n 02832300-n
bend,n,13891966-n 07325609-n 02832880-n 13930429-n 09156059-n 02833197-n
benedict,n,10863997-n 10863454-n 09869398-n
benedictine,n,10132203-n 07925052-n
benjamin,n,14922092-n 10864646-n
benny,n,12895543-n 10865020-n
benzoin,n,14922092-n 11726589-n
berg,n,09331478-n 10865685-n
berlin,n,08787478-n 10867050-n 02834519-n
berry,n,07758680-n 13158186-n 10868679-n
best,n,00128351-n 09870573-n 10869645-n
beta,n,06847295-n 11852577-n
bible,n,06443410-n 06434286-n
big_brother,n,09872949-n 09872875-n
big_dipper,n,09242765-n 04109500-n
bighorn,n,09242953-n 02418223-n
bikini,n,08858288-n 02841003-n
bin,n,02843139-n 13787446-n 06437204-n
birr,n,13686501-n 07414517-n
black,n,04967454-n 14007292-n 10871726-n 10871583-n 09659490-n 02849498-n 02849379-n
black_maria,n,03984324-n 00497610-n
blessed,a,00673977-a 02061620-a 00673178-a 02061479-a 01454547-a 01152267-a
blimp,n,09956947-n 02854209-n
blucher,n,10873528-n 02858981-n
bluegrass,n,12151922-n 09112954-n 07076230-n
bm,n,14878449-n 13462560-n
bohemia,n,08776715-n 08258230-n
bohemian,a,02678131-a 00609236-a
bohemian,n,10173755-n 09883026-n 09882906-n
bole,n,15015431-n 13186713-n 06995515-n
bolivar,n,13688895-n 10875200-n
bolivia,n,08871835-n 00498332-n
bologna,n,08824310-n 07692018-n
bond,n,11456397-n 13438583-n 13814395-n 13371991-n 04188289-n 02758357-n 14806688-n 10875583-n 09613551-n 04942705-n
boniface,n,10876082-n 10206393-n
book,n,06422547-n 02873453-n 06649049-n 07023062-n 13425421-n 07971027-n 07970797-n 06473279-n 06443410-n 06406508-n 02873887-n
booth,n,02877456-n 02877081-n 10877136-n 02877328-n
bop,n,08158664-n 07077141-n
boreas,n,11508350-n 09580044-n
boulder,n,09250746-n 09090206-n
bounty,n,13293082-n 05122718-n 04839475-n 02882125-n
bourbon,n,09889112-n 07922958-n 09888984-n 08170911-n
bow,n,02883431-n 02882759-n 02883250-n 02882960-n 13918793-n 07289130-n 07244001-n 02883550-n 00548802-n
bow,v,00900454-v 00879879-v 02044118-v 02066560-v 01733174-v
bowed,a,00948720-a 02323141-a 01022122-a 00792947-a
bowling_green,n,09112089-n 08533808-n
boxer,n,09889614-n 10410126-n 09890152-n 02110741-n
boy_scout,n,09891147-n 09891333-n
br,n,14656307-n 08058236-n
brahman,n,09892248-n 09892023-n 08323889-n 02407225-n
brahmin,n,09892248-n 09892023-n 08323889-n 02407225-n
braille,n,10881877-n 06374199-n
brat,n,10722132-n 07693727-n
brazil,n,08872733-n 07787707-n
bride,n,09894084-n 10883800-n 09894191-n
brit,n,09720360-n 02532819-n 01999549-n
bronze_age,n,15256211-n 15256059-n
brother,n,09895920-n 09896358-n 09897417-n 09896590-n 09896167-n
brown,n,04979195-n 10885972-n 10885804-n 02911310-n
brownie,n,09896836-n 09563850-n 07651880-n
browning,n,10886825-n 10886651-n 10886470-n 00247419-n
bubo,n,14339149-n 01624871-n
buck,n,04531437-n 13417070-n 10889822-n 04147696-n 01890905-n
buckeye,n,12789442-n 12789129-n 09764372-n
buffalo,n,02413348-n 09141172-n 07679237-n 02410605-n
bull,n,02405977-n 09898168-n 06623729-n 00076610-n 09898610-n 09898387-n 09771712-n 08704070-n 08534727-n 06739510-n 01890264-n
bullfinch,n,10890484-n 01536796-n
bunsen,n,10891011-n 02924413-n
burger,n,10891874-n 07712845-n
burgess,n,10892092-n 09900112-n
burgundy,n,08960830-n 07909866-n 04971082-n
burnside,n,10893524-n 05270301-n
burr,n,12056837-n 02927186-n 10893749-n 02927299-n 02924676-n
bursa,n,09064688-n 05524205-n
bush,n,13133423-n 08522039-n 08455215-n 10895517-n 10895288-n 10895055-n 05271086-n
bushman,n,09901079-n 09900985-n
butler,n,09903961-n 10896265-n 10896171-n
butte,n,09253109-n 09131514-n
c,n,13736596-n 15309503-n 15117865-n 14853935-n 14852681-n 14657384-n 13772555-n 13658127-n 06915472-n 06879382-n 06844441-n 03070747-n
ca,n,14656826-n 09083238-n
cabala,n,06686515-n 05962967-n
cabalism,n,05963233-n 01215896-n
cabalist,n,09905128-n 09904986-n 09904868-n
cabbala,n,06686515-n 05962967-n
cabbalah,n,06686515-n 05962967-n
cad,n,09905672-n 06579865-n
caesarean,a,03041087-a 03040914-a
caesarian,a,03041087-a 03040914-a
cage,n,02940098-n 14022451-n 10898282-n 02940305-n 02814194-n
calamus,n,12607059-n 11801645-n 11801399-n 02595237-n 02471248-n
caliphate,n,15273623-n 08568341-n 00590728-n
call,n,06283456-n 06208240-n 07135232-n 07206789-n 06809500-n 01057878-n 07207321-n 07207171-n 07205353-n 06594937-n 01057417-n 00165622-n 00081563-n
calla,n,11814248-n 11806486-n
calliope,n,09589449-n 02944161-n
calorie,n,13748672-n 13748406-n
calvary,n,08814071-n 07320650-n
calypso,n,12070031-n 09513340-n
cam,n,09254494-n 02945171-n
cancer,n,14263400-n 09771988-n 09255594-n 08704396-n 01980473-n
canton,n,08743287-n 08558333-n
capital,n,13375435-n 13374622-n 08535783-n 06837277-n 08535930-n 08374056-n 07297634-n 02959683-n
capitol,n,02960135-n 02959936-n
capsicum,n,12921222-n 12920908-n
cardigan,n,02966595-n 02115838-n
carina,n,09258984-n 05234539-n
carioca,n,09714415-n 07069243-n 00536492-n
carrel,n,10903440-n 02971792-n
carter,n,10904758-n 10904583-n 09917366-n
cartwright,n,10905104-n 09918144-n
carver,n,10905355-n 10809603-n 10585500-n 10005000-n
cash,n,13407787-n 13407638-n 10905974-n
cashmere,n,02980789-n 15129236-n 08997987-n
cassia,n,12512331-n 12512131-n 11725640-n
castor,n,09260655-n 02983662-n 02983495-n 02821270-n 02365514-n
cat,n,02124272-n 10172934-n 09919605-n 03614083-n 02989061-n 02986962-n 02130460-n 00903174-n
caterpillar,n,02311989-n 02986962-n
catholic,a,02932264-a 00287994-a
catholicity,n,06237394-n 04772946-n
cavalier,n,09921709-n 09921581-n
cd,n,14656622-n 13663013-n 13386310-n 03083234-n
cecropia,n,12424989-n 02305936-n
centaur,n,09516174-n 09262957-n
centre,n,08961199-n 08540894-n 08538999-n 08531106-n 07618221-n 05929717-n 05820064-n 05471109-n 02997001-n
cf,n,14657215-n 14178988-n
chad,n,14829846-n 09353373-n 08737870-n 06998936-n
chain,n,08392981-n 09263527-n 03003017-n 08074652-n 03003540-n 13674612-n 10910781-n 09426609-n 03003625-n 03003364-n
chamaeleon,n,09263795-n 01696424-n
chamberlain,n,10909441-n 09925648-n 09925532-n
chameleon,n,09925902-n 09263795-n 01696424-n
champagne,n,07909617-n 08961308-n
champaign,n,09416498-n 09105793-n
chancellor,n,09926866-n 09926439-n 09926301-n
chandler,n,10910189-n 09927262-n 09927024-n
chaos,n,13999769-n 11455013-n 09580899-n 06256659-n
chapman,n,10910620-n 09928136-n
charioteer,n,09929680-n 09233963-n
charlotte,n,09151045-n 07626499-n
chartist,n,09930509-n 09930298-n
chartreuse,n,07925163-n 04975434-n
chase,n,00320765-n 10913358-n 03013937-n
cheddar,n,08899112-n 07868895-n
chela,n,09704384-n 02159184-n
chesterfield,n,10914825-n 03018803-n 03018706-n
chevalier,n,10915301-n 09921709-n
chi,n,14074041-n 06849431-n
chile,n,08738314-n 07737201-n
chimaera,n,09516693-n 05777311-n 01483972-n
chimera,n,09516693-n 05777311-n
chin,n,05607372-n 06946056-n
china,n,08740839-n 03021863-n 08748383-n 03022147-n
chinese_mustard,n,11899102-n 07835658-n
chinook,n,11458726-n 09672240-n 07812297-n 06937773-n 02539087-n
chosen,n,09940492-n 08974748-n 08403584-n
chou,n,08496418-n 07729640-n 07644185-n
chow,n,08496418-n 07580726-n 02114789-n
christ,n,11103646-n 09560771-n
christian,a,02963612-a 00412086-a
christian_church,n,08099479-n 08104742-n
cicero,n,13734995-n 10917698-n
cimarron,n,09267878-n 02418223-n
circumcision,n,15218106-n 01033226-n 00396462-n
circus,n,08206141-n 00520795-n 00553716-n 03039074-n 03038845-n 01612190-n
citation,n,06718888-n 07195230-n 06776392-n 06625409-n 06570268-n 02386978-n
cl,n,14658769-n 13645213-n
clay,n,14837352-n 14980464-n 10919898-n 10919703-n 05225393-n
cleome,n,11886717-n 11886547-n
cm,n,13680636-n 14660398-n
co,n,14821811-n 14659468-n 09976492-n 09089754-n
coca,n,12710807-n 10923165-n 03064077-n
cockney,a,03067063-a 03066948-a
cockney,n,09724166-n 06960779-n
coke,n,14709929-n 07944936-n 03070747-n
cola,n,12217728-n 07944171-n
cold_war,n,14005485-n 14005641-n
collins,n,10924911-n 07930122-n
cologne,n,08790140-n 03075025-n
colon,n,05543502-n 13689748-n 13689477-n 08757502-n 06855710-n
colony,n,08390976-n 08012298-n 09070916-n 08531343-n 08516868-n 08012452-n
colt,n,02379443-n 03077300-n
commerce,n,01092370-n 08146250-n 07152330-n
commons,n,08632949-n 08559867-n 08198848-n 08185016-n
communion,n,01038365-n 07149283-n 08164026-n
communist,n,09965082-n 09964798-n
comrade,n,09965384-n 09971003-n 09896590-n
concord,n,09134400-n 13992690-n 13819525-n 09119495-n 07194843-n 01286428-n
confederacy,n,09072700-n 08320205-n 08268224-n 06536926-n
confederate,a,01611524-a 02485960-a
confederate,n,09973094-n 09972962-n 09780399-n
congo,n,08752218-n 09274984-n 08751877-n 07950918-n
congregational,a,02712658-a 02966345-a
congress,n,08178656-n 08325730-n 08335621-n 01233454-n
conservative,n,09976635-n 09977002-n
constable,n,09978621-n 10927603-n 09978737-n
constitution,n,06545639-n 00237945-n 06546123-n 04940721-n 03097474-n
content,n,07971643-n 06611268-n 13838733-n 13801586-n 05817200-n 14436286-n 04354303-n
continent,n,09277520-n 08714551-n
continental,a,02897567-a 02897710-a 02897394-a 01571309-a
cook,n,09982799-n 10928065-n
cooper,n,10929223-n 10929055-n 10928879-n 09983252-n
corchorus,n,12225247-n 12225063-n
cordoba,n,13713374-n 10930521-n 09048098-n 08730969-n
core,n,08259144-n 08541787-n 09279721-n 05929717-n 09279801-n 08325852-n 06616419-n 03112720-n 03112555-n 03112367-n
cork,n,14847397-n 14847717-n 08909627-n 03113504-n 02863403-n
cornhusker,n,09985435-n 09763492-n
corydalis,n,11924578-n 11924350-n 02268512-n
coulomb,n,13658127-n 10932554-n
court,n,08346380-n 03125429-n 08068698-n 03125142-n 10933107-n 08346249-n 03796288-n 03125691-n 03124849-n 01231712-n
coward,n,09637077-n 10933393-n
cox,n,14762026-n 09993154-n
crab,n,01979598-n 09993584-n 09771988-n 08704396-n 07803691-n 02187819-n 00446514-n
crane,n,10934199-n 10934083-n 09318361-n 03131358-n 02015503-n
crater,n,09495543-n 09282282-n 09282125-n
creation,n,00910190-n 03133774-n 07343542-n 00241051-n 00238736-n 09489410-n
creator,n,09559474-n 09637345-n
creek,n,09252316-n 09673784-n
creole,n,09729069-n 09728927-n 06918134-n
cretaceous,a,03069137-a 03068996-a
crick,n,14384587-n 10934925-n
cross,n,03140183-n 04688744-n 03139803-n 14501251-n 01329963-n 00852055-n
crow,n,01581669-n 07396886-n 09673964-n 09280335-n 07244407-n 06922167-n
crown,n,06897147-n 05315640-n 03143525-n 03143320-n 03143185-n 13411037-n 13148762-n 08635538-n 06718654-n 05547228-n 03143740-n 03143632-n
crucifixion,n,01167827-n 07347464-n 00423554-n
crusade,n,00799906-n 00970819-n
crusader,n,10534787-n 10000895-n
crux,n,09464256-n 06619047-n
cupid,n,09583190-n 06894274-n
curacao,n,08766875-n 07926194-n
curb,n,03153586-n 03153801-n 02704730-n 01148552-n
curie,n,13667078-n 10937751-n 10937455-n
curl,n,13898609-n 10937871-n 89143529-n
currier,n,10938110-n 10003717-n
cyclops,n,09513702-n 01999773-n
cynic,n,10006070-n 10006238-n
cyprian,a,03070159-a 00362800-a
cyprian,n,10505025-n 09718416-n
d,n,15116794-n 13772852-n 06844548-n
dalmatian,n,10008456-n 02112993-n
damascene,n,09753012-n 03165259-n
danish,n,06966788-n 07709335-n
daphne,n,12367095-n 09573407-n
darling,n,09286385-n 10011405-n 09869006-n
davenport,n,09109186-n 03169388-n 03169271-n
day,n,15180180-n 15148032-n 15182185-n 15190004-n 15161405-n 15274047-n 15233336-n 15233129-n 14508100-n 10945524-n
db,n,14660701-n 13735738-n
ddc,n,03195447-n
ddi,n,03195581-n
dean,n,10016322-n 10945818-n 10016606-n 10016458-n
death,n,07370091-n 11464213-n 13985834-n 15168437-n 15168236-n 09511389-n 14586552-n 00220442-n
dec,n,15238570-n 08650469-n
decker,n,10947891-n 03173030-n
defense,n,00956422-n 00825411-n 08098280-n 06753339-n 13480525-n 08148512-n 08081359-n 07215473-n 08080966-n 03176022-n 01201240-n 00825193-n
deliverer,n,11103646-n 10573233-n 10020810-n 10020651-n
demerara,n,14853640-n 09288040-n 08968731-n 07921536-n 07612137-n
democrat,n,10021813-n 10021572-n
democratic,a,00718584-a 02721266-a 00488527-a
demotic,a,02721408-a 00488807-a
denier,n,13605949-n 13410532-n 10022945-n
depression,n,14427564-n 14512697-n 09388914-n 07552873-n 15319454-n 14544431-n 14412645-n 13919062-n 13858914-n 00113494-n
desert,n,08522594-n 04814439-n
devil,n,09566482-n 09565450-n 07140494-n 10189012-n 10349658-n
diaspora,n,08498994-n 07346532-n 05095101-n
dickens,n,07140494-n 10954161-n
diesel,n,10954879-n 03197791-n
dink,n,08005662-n 00568317-n
dipper,n,03208990-n 09363358-n 09242765-n 01852833-n 01604335-n
disa,n,12080126-n 08413164-n
divine,n,09559474-n 09947594-n
dixie,n,09072700-n 03221265-n
dm,n,14141620-n 13680844-n
do,n,07462638-n 06881359-n 06716496-n
doc,n,10040615-n 08146250-n
doctor,n,10040615-n 10041836-n 00433296-n 10041617-n
doe,n,08149937-n 01891052-n
dol,n,13733091-n 08154495-n
dominion,n,14466399-n 08569713-n 08184148-n
domino,n,10958632-n 03225908-n 03225762-n 03225505-n
don,n,10044920-n 10484108-n 10045020-n 09532107-n 09291684-n 06351765-n
doodia,n,13206556-n 13206334-n
doomsday,n,15196354-n 07348806-n
dos,n,08154738-n 06580598-n
dot,n,13934887-n 08160653-n 06818684-n 02678511-n
dove,n,01814978-n 10047848-n 09273457-n 07662012-n 06894544-n
dowdy,n,10961706-n 07638972-n
down,n,01899202-n 00459310-n 10962136-n 09292247-n 05263175-n
dragon,n,09517519-n 10049454-n 09292623-n 01691230-n
drake,n,10962858-n 01849641-n
ds,n,14660570-n 08155259-n 06718550-n
dunker,n,10059846-n 10059743-n 09697226-n
e,n,15116976-n 14661000-n 13854554-n 13776305-n 06844655-n
earth,n,09293800-n 14867162-n 09357302-n 08579604-n 14868584-n 05678816-n 03467679-n
east,n,13854554-n 08580157-n 08580717-n 13857863-n 08578888-n
easter,n,15212989-n 11468680-n
eb,n,13652655-n 13652498-n 13652325-n
echo,n,05017985-n 09572176-n 07214950-n 05018346-n 04753847-n 01023061-n
edda,n,07752789-n 06966211-n
eddy,n,10968648-n 07447573-n
education,n,00884975-n 05993172-n 05761561-n 00612720-n 04929077-n 08149619-n
eight,n,13767226-n 08292418-n 03272251-n
el,n,13858749-n 03285724-n
elector,n,10780008-n 10492858-n
electrophorus,n,03284829-n 01446805-n
elf,n,09563850-n 05064314-n
empire,n,08575019-n 08069165-n 08422680-n 08075773-n 07756573-n
emu,n,13623769-n 01522514-n
energy,n,11472635-n 05043116-n 04843914-n 04640554-n 14073625-n 11472496-n 08149937-n
enlightenment,n,05995280-n 14011709-n 08489601-n
epicurean,a,03012661-a 01301832-a 01301187-a
epiphany,n,07338205-n 15219341-n
episcopal,a,02966527-a 02731793-a
epistle,n,06638690-n 06454286-n
er,n,14661166-n 03288132-n
era,n,15273375-n 15272831-n 07275968-n
eros,n,09583025-n 07503095-n
esquire,n,10084036-n 10083853-n
eta,n,08034942-n 06847830-n
etna,n,09197615-n 02924413-n
eu,n,14661354-n 08190414-n
evangelist,n,10086818-n 10087112-n
eve,n,09609918-n 15181384-n 15192825-n 15191509-n
ewe,n,09724683-n 07010247-n 02414645-n
excellency,n,10088735-n 05860309-n
exodus,n,00061234-n 06444385-n
explorer,n,10092496-n 06583714-n
f,n,13736746-n 14661685-n 13657765-n 06844762-n
fabian,a,03076819-a 00326738-a
fall,n,15261656-n 00077704-n 07493671-n 09288526-n 00758272-n 07442328-n 07384870-n 00068527-n 15194468-n 07486511-n 07376986-n 05119135-n
fall_of_man,n,07432746-n 07493671-n
fang,n,07005589-n 01787875-n 01468234-n 01468113-n
farmer,n,10098586-n 10986657-n 10986488-n
father,n,10100638-n 10122569-n 10100973-n 09941250-n 10101225-n 09560084-n 10127072-n 10045020-n
fatherhood,n,13836110-n 09560084-n 00593561-n 00593482-n
federal,a,01109822-a 02736565-a 01610796-a 01110899-a
federalist,n,10102866-n 10102766-n
fermi,n,13679309-n 10989978-n
fez,n,08992415-n 03336022-n
fielding,n,00127541-n 10990595-n
fig,n,07012307-n 12422189-n 08049347-n 07769089-n
firth,n,10991256-n 09303286-n
fish,n,02514684-n 07791351-n 09773123-n 08705814-n
fl,n,09094188-n 92363352-n
flagstaff,n,09080393-n 03360771-n
fleer,n,10134739-n 06729056-n
flinders,n,10993331-n 07972864-n
flint,n,14895229-n 09304451-n 09123290-n
flip,n,00440424-n 07931127-n 01248753-n 01248633-n 00444788-n 00106640-n 92448268-n
fm,n,06292374-n 14661517-n
ford,n,10995300-n 10995198-n 10995097-n 10994967-n 10994732-n 10994584-n 09306529-n 00298483-n
forester,n,10995400-n 10124525-n
fossa,n,13894850-n 02139275-n 02139104-n
fothergilla,n,12336516-n 12336335-n
founding_father,n,10127373-n 10127072-n
fowler,n,10996704-n 10128009-n
fox,n,02120985-n 10042484-n 14789089-n 10996993-n 10996858-n 09675274-n 06922624-n
frank,n,07692347-n 92440700-n 09708200-n
franklin,n,10999531-n 10999075-n 10128819-n
free_state,n,09116186-n 09072545-n 09023554-n
freemasonry,n,13953106-n 08252434-n
friend,n,10132360-n 09804483-n 09783207-n 10697152-n 09699104-n
frost,n,14939773-n 11460617-n 13506473-n 11003927-n
fry,n,11004253-n 11004122-n 09937051-n
fuji,n,12667366-n 09197913-n
fuller,n,11005649-n 11005436-n 10135260-n
funk,n,14428014-n 11006018-n 07077625-n
fury,n,07532236-n 14415281-n 05044968-n 09529469-n
g,n,13745822-n 14916289-n 14854134-n 13772984-n 13670214-n 13650416-n 13650222-n 13611530-n 06844869-n
ga,n,15090692-n 14662434-n 09098347-n
gable,n,03414303-n 11006433-n
gad,n,14404122-n 04297397-n
gallus,n,02890730-n 01793584-n
gamma,n,06847401-n 13659573-n 10940334-n
garibaldi,n,11010959-n 03423659-n
garland,n,11011161-n 09167467-n 06604903-n 04613372-n
garrison,n,03425469-n 11011579-n 08414993-n
gauss,n,13660326-n 11012671-n
gb,n,14985514-n 13663479-n 13650593-n 13650416-n 13650222-n 08877934-n
gd,n,15080939-n 14662219-n
general_assembly,n,08312980-n 08180172-n
genesis,n,07338980-n 06444046-n
genet,n,11014093-n 11013932-n 02139667-n
geneva,n,09055079-n 07921000-n
gent,n,10146723-n 09927483-n 08870492-n
gentianella,n,12316077-n 12314641-n
geordie,n,09723679-n 06960911-n
gi,n,13663479-n 06346843-n
gib,n,13650222-n 02125462-n
gibbon,n,11017738-n 02485993-n
gilbert,n,13663479-n 11019580-n 11019406-n 11019198-n 11019044-n
gipsy,n,10237501-n 10173755-n 09642482-n
glacial_epoch,n,15280006-n 15149816-n
glycine,n,14631171-n 12552513-n
gnostic,a,02860479-a 01308747-a
goat,n,02419165-n 09904118-n 09772829-n 08705447-n
god,n,09559169-n 09528550-n 10152827-n 03565341-n
gold_coast,n,08965960-n 08659319-n
golden_age,n,15320510-n 15278706-n 15255586-n
golden_rule,n,06668550-n 05966780-n
goldsmith,n,10156135-n 11025425-n
goliath,n,11025968-n 10148446-n
gopher,n,10154817-n 09763123-n 02360743-n 02356513-n 01673766-n
gore,n,11028309-n 05409096-n 03453197-n 00222045-n
gospel,n,06466808-n 06737072-n 07075374-n 06802268-n 05971119-n
gothic,a,03081225-a 03081071-a 03080970-a 01541543-a 00972292-a
grace,n,14481629-n 05010755-n 04907534-n 04647713-n 15142101-n 09518513-n 07204699-n 04847946-n
graham,n,11030381-n 11030183-n 07585209-n
gram,n,13745822-n 11030932-n
grant,n,13287915-n 00088243-n 13275136-n 11031555-n 11031394-n 11031119-n 06538610-n 05184004-n
grass,n,12122650-n 11032149-n 10694920-n 07817067-n 03997192-n
gray,n,04968868-n 03461130-n 08498020-n 02384016-n 13667291-n 11032989-n 11032842-n 11032672-n 11032470-n
green,n,04974368-n 08632949-n 11033320-n 10080712-n 09316972-n 08597308-n 07725078-n 03611785-n
grey,n,11036071-n 11035868-n 11035646-n 08498020-n 04968868-n 03461130-n 02384016-n
ground_zero,n,08678801-n 08597975-n 08597854-n
guaiacum,n,12743528-n 12743142-n 12742624-n
guarani,n,13701713-n 09714653-n 06930056-n
guest,n,10170460-n 11038679-n 10170653-n 03832647-n
guinea,n,13413861-n 09735835-n 08967092-n 01811747-n
gula,n,09541586-n 00760539-n
guru,n,10172136-n 10172409-n 10172283-n
guy,n,10172934-n 03477097-n 03476902-n
gymnasium,n,08301402-n 03477235-n
gypsy,n,10237501-n 10173755-n 09642482-n 06982496-n
h,n,14664612-n 13660884-n 13612326-n 06844976-n 05019456-n
hadith,n,05677025-n 00417422-n
halcyon,n,09509769-n 01831038-n 01829843-n
hall,n,03485035-n 02718424-n 03483990-n 03229596-n 03724120-n 11045121-n 11044904-n 11044727-n 11044578-n 11044415-n 03724592-n 03484204-n 03483839-n
ham,n,07685636-n 10177815-n 10177732-n 10177603-n
hamlet,n,08243899-n 09623065-n 08690476-n
hanuman,n,09549501-n 02491046-n
harpy,n,10778005-n 09519230-n 02143143-n 01616679-n
hart,n,11052696-n 11052537-n 02433983-n 92422125-n
hartley,n,11052999-n 92422125-n
hawking,n,11054870-n 01119289-n
he,n,14664099-n 06850196-n
heaven,n,08583035-n 05635568-n
hegira,n,00061368-n 00061234-n
hejira,n,00061368-n 00061234-n
helix,n,13899200-n 03069428-n 01947258-n
hell,n,08600365-n 07320525-n 05637465-n 05637164-n 00738084-n
heller,n,13703854-n 13703512-n 11058974-n 10189012-n
henry,n,13660884-n 11060592-n 11060377-n 11060236-n
herder,n,11064784-n 10191239-n
here,n,08506507-n 09586312-n
hero,n,10344679-n 05938456-n 09925991-n 11065101-n 10192757-n 09577426-n 07713570-n
heron,n,11065101-n 02010695-n
hertz,n,15304090-n 11066929-n 11066717-n
hf,n,14663734-n 05064744-n
hg,n,14669524-n 13746584-n
hi,n,06645018-n 09100742-n
highness,n,10194721-n 05144667-n 05104623-n
hill,n,09325914-n 03797581-n 11070052-n 11069933-n 03797867-n
hippo,n,08724959-n 02401173-n
hippocampus,n,05503912-n 01459272-n
ho,n,14664400-n 90012011-n
hogan,n,11075449-n 03530020-n
hogg,n,11075802-n 02415433-n
holly,n,12777217-n 11076649-n
holocaust,n,01247865-n 01248018-n
holy_order,n,13974030-n 01041854-n
home_office,n,08131262-n 03509867-n
homer,n,00133175-n 11077376-n 13638327-n 11077543-n 01817562-n
hooker,n,11078431-n 11078330-n 10682754-n 10204302-n 10204124-n
hope,n,07526972-n 07556441-n 05959600-n 10204565-n 11079258-n 04855493-n
host,n,10206749-n 08199880-n 01388168-n 10318917-n 08200720-n 08498195-n 10206975-n 10206393-n 07698883-n 04182208-n
hotspur,n,11249489-n 10207765-n
hull,n,13160695-n 11712459-n 11085713-n 11085557-n 08897435-n 03553806-n
hum,n,14031535-n 08039725-n 07400403-n
hunt,n,11087037-n 11086928-n 11086762-n 08246700-n 05778254-n 00947217-n 00623824-n 00453279-n
hunter,n,10212645-n 10213338-n 09403029-n 03554530-n
hydra,n,09519392-n 09330458-n 05695974-n 01914793-n
hymen,n,09587500-n 05529585-n
i,n,14665575-n 13764713-n 06845083-n
ice,n,14939335-n 09331304-n 13393296-n 07636431-n 07629807-n 03759824-n 03585151-n 03563356-n
icterus,n,14343111-n 01574815-n
id,n,09103738-n 06900328-n 05621577-n
ilium,n,08806739-n 05282814-n
in,n,13671409-n 14665401-n 09107288-n
incarnation,n,10438047-n 06803702-n 15148506-n 00935074-n
independence,n,14017633-n 07489146-n 09129392-n
indian_mustard,n,11899102-n 07729508-n
inferno,n,08600365-n 07318315-n 05637465-n
inquisition,n,08349957-n 07209336-n
inquisitor,n,10227888-n 10228033-n
interior,n,08605849-n 08605707-n 08156000-n
intern,v,02501036-v 02451684-v
ionic,a,02761524-a 02761830-a 02761720-a
ir,n,14666397-n 08160486-n
ira,n,08041485-n 05920606-n 00760325-n
iron_age,n,15256561-n 15256430-n
islay,n,12667158-n 08914095-n
italic,a,03087226-a 03087090-a
italic,n,06362325-n 06974593-n 06840394-n
j,n,13748184-n 06845190-n
jack,n,13795187-n 10314263-n 10260997-n 07770660-n 03594859-n 03594700-n 03594500-n 03594407-n 03594280-n 03594138-n 02579206-n 02392595-n
jack_of_all_trades,n,10237834-n 10178882-n
jacquard,n,11098193-n 03596985-n 03596779-n
janissary,n,10239123-n 10239050-n
japan,n,08940154-n 08941623-n 03598549-n 03598409-n
java,n,08928021-n 07945759-n 06913829-n
jay,n,11101101-n 01582718-n
jenny,n,11102343-n 02392667-n
jeroboam,n,11102642-n 03600602-n
jersey,n,09134928-n 08907465-n 03600807-n 03600716-n 02409401-n
jezebel,n,11104504-n 10241840-n
jim_crow,n,05700199-n 03604304-n
job,n,00583425-n 00720957-n 03604821-n 03604953-n 00585806-n 00577914-n 00577754-n 14434009-n 11105392-n 10242619-n 06584658-n 06448609-n 00784446-n
john,n,04453410-n 11106269-n 11105914-n 10799671-n 06453909-n
jonah,n,11109858-n 10244116-n 06451594-n
jordan_almond,n,12666833-n 07766712-n
joule,n,13748184-n 11112730-n
judas,n,11114045-n 11113664-n 10244788-n 03608332-n
juggernaut,n,10246226-n 09553647-n 03609091-n
juneberry,n,12644285-n 07761637-n
junior,a,02107989-a 01018782-a 01653333-a 02108662-a
junior,n,10803957-n 10247063-n 10246936-n 10247160-n
justice,n,04857348-n 00695934-n 10244889-n 08152324-n
jute,n,14949783-n 09722577-n
k,n,13736861-n 14674986-n 13772984-n 13649142-n 13648977-n 06845298-n 03611785-n
kabala,n,06686515-n 05962967-n
kabbala,n,06686515-n 05962967-n
kabbalah,n,06686515-n 05962967-n
kabbalism,n,05963233-n 01215896-n
kabbalist,n,09904986-n 09904868-n
kafir,n,10248534-n 09709027-n
kafkaesque,a,03145834-a 01949505-a
kali,n,11855123-n 09549837-n
kb,n,13649271-n 13649142-n 13648977-n
kelvin,n,13736861-n 11120250-n
kern,n,11122343-n 03616382-n
key,n,03618503-n 05802065-n 04993396-n 06876801-n 13746948-n 12056695-n 11123094-n 09348301-n 08608465-n 06504429-n 06504179-n 06436512-n 04593867-n 03620342-n 03618801-n
ki,n,14074041-n 09541917-n
kid,n,09937051-n 14787025-n 11133479-n 09937706-n 02419466-n
king,n,10251212-n 10254721-n 09859605-n 14459136-n 11125453-n 11125288-n 11125044-n 03623548-n 03623428-n 03623310-n
kingmaker,n,11395082-n 10252945-n
kiwi,n,12391956-n 09743947-n 07779605-n 01523217-n
klondike,n,08849712-n 00496785-n
koine,n,06989988-n 06918892-n
kola,n,12217876-n 06997106-n
kr,n,14667094-n 08045752-n
kremlin,n,03633881-n 03633802-n
kwanza,n,13706037-n 00519208-n
l,n,13645547-n 13771784-n 13661999-n 06845406-n
la,n,14667296-n 09113391-n 06882036-n
labor,n,08197557-n 00621992-n 14071923-n 08489901-n 08278241-n 08154495-n 00797381-n
labour,n,08197557-n 14071923-n 08278241-n 00621992-n
labour_party,n,08278241-n 08277882-n
lady,n,10262834-n 10008828-n 10262488-n
lama,n,10263361-n 02440456-n
lamb,n,02415086-n 11135019-n 10263685-n 10263569-n 07682896-n
lambert,n,13661999-n 11135121-n
lanai,n,09102531-n 03642794-n
land,n,13270947-n 09358146-n 08574028-n 09357302-n 08562388-n 14538407-n 13267561-n 08183451-n 08185877-n 11135548-n 00454755-n
landau,n,11135775-n 03643328-n
lander,n,09182751-n 03643494-n
langley,n,13631114-n 11136632-n
lari,n,13722767-n 02043352-n
lascar,n,10266873-n 09199239-n
lasso,n,11138352-n 03649692-n
latakia,n,14739762-n 09056877-n
latinise,v,00997570-v 00387237-v
latinize,v,00997570-v 00963275-v 00387237-v
lauder,n,11138876-n 10268408-n
laurel,n,11724138-n 11139180-n 03654118-n
laver,n,11139624-n 03654602-n 01418165-n 01411384-n
lead,n,05164526-n 14667645-n 05835238-n 01259362-n 13915822-n 06281532-n 13617665-n 10668135-n 08609721-n 06664322-n 06281845-n 05058239-n 03658258-n 03656591-n 03656410-n 03610056-n 01258857-n
leading,n,03656591-n 01259004-n
lee,n,11144637-n 11144462-n 11144290-n 11144078-n 11143884-n 11143752-n 11143580-n 08609908-n
leger,n,13425421-n 11144951-n
legionnaire,n,10273584-n 10273400-n
lens,n,03661810-n 12564532-n 06271713-n 05327912-n 03662283-n
lesbian,n,10274662-n 09730926-n
let,n,08047773-n 00570110-n
li,n,14667971-n 13676292-n
lie,n,06769542-n 11151798-n 08641771-n
liege,n,10766249-n 10278791-n 08870679-n
lien,n,13422186-n 05341015-n
light,n,11494354-n 03670692-n 06220526-n 05025269-n 08663763-n 14587365-n 04958550-n 10296356-n 14006789-n 05815941-n 04960557-n 05620489-n 09207565-n 06887069-n 03671917-n
lilliputian,a,03092913-a 01395201-a 01284018-a
lilliputian,n,10282577-n 09624603-n
limerick,n,08909884-n 06392226-n
lion,n,02131817-n 10284767-n 09772126-n 08704559-n
liparis,n,12090882-n 02649774-n
liquidambar,n,12337370-n 12336961-n 12336817-n
lisp,n,14426167-n 06914712-n
lister,n,11154885-n 10285588-n 03683092-n
litany,n,07255423-n 06469112-n
liturgy,n,01037885-n 01035216-n
liver,n,05392877-n 07667661-n 10287996-n 10287877-n
loafer,n,10217586-n 03685681-n
lodge,n,11156963-n 08244135-n 03690966-n 03690812-n 03690633-n 03546876-n
lord,n,09559474-n 10408139-n 10291374-n
lordship,n,06354151-n 05205304-n
lot,n,13796604-n 08692708-n 08257090-n 14496806-n 03238126-n 07971317-n 10293366-n
lota,n,03696177-n 02525969-n
lotus,n,11737868-n 12565595-n 11736279-n
louvre,n,03698268-n 03698002-n
low,n,14544431-n 11162145-n 05104968-n 03354857-n
lower,v,01977139-v 00532569-v 00268741-v 01577754-v 00032974-v
lox,n,14672704-n 07812726-n
lucifer,n,09566482-n 09382368-n 03733928-n
lug,n,09533437-n 03701902-n 03700942-n 01939312-n
luger,n,03701183-n 10295637-n
lunger,n,10296928-n 09979480-n
lupus,n,14253394-n 09367346-n
lx,n,13771918-n 13662195-n
m,n,13681046-n 05047235-n 13772984-n 13649707-n 13649517-n 06845514-n
ma,n,10297825-n 06713764-n 13659092-n 09117607-n
mace,n,14968755-n 10298153-n 07831270-n 07282166-n
macon,n,09100067-n 07912636-n
madras,n,08925435-n 08924360-n 03709401-n
maffia,n,08262723-n 08262470-n 08262346-n
mafia,n,08262723-n 08262470-n 08262346-n
magenta,n,04971763-n 01288277-n
mailer,n,11169752-n 10302617-n 07264004-n 03716067-n
main_street,n,03718268-n 08689560-n
major,n,10302867-n 11170624-n 10303063-n 06006837-n
maker,n,10303761-n 09559474-n 08077282-n
malacca,n,12157098-n 08985168-n 03720814-n
male,n,01323721-n 09647338-n 08987826-n
maltese_cross,n,11832390-n 03721630-n
mama,n,10297825-n 09542327-n
mammon,n,14516218-n 09514455-n
man,n,10306910-n 10602198-n 10308700-n 02474924-n 10308837-n 10308424-n 10765000-n 10308177-n 08907943-n 03721866-n 02475618-n
mandarin,n,12730661-n 10309524-n 10309427-n 10309332-n 07763927-n 06942870-n
manhattan,n,09143261-n 07931858-n
manila,n,14971077-n 09004116-n
mannerism,n,04771497-n 00757016-n 92471097-n
mantle,n,06897006-n 11175186-n 09369347-n 09246632-n 05251388-n 03724882-n 03155743-n 02959203-n
mao,n,14978107-n 11175434-n
mar,n,15235666-n 04699505-n
mara,n,09550047-n 02367760-n
marathon,n,00799022-n 07475503-n 01289062-n
march,n,15235666-n 00291423-n 00283684-n 08444976-n 08530235-n 07072336-n 06713607-n
mare,n,02380132-n 09369510-n
maria,n,09369510-n 12385675-n
marine,n,10313800-n 10313979-n
mark,n,05745098-n 07284884-n 07276776-n 06811608-n 04683421-n 06807523-n 13710138-n 11176933-n 09940867-n 06830640-n 06659006-n 06453473-n 04701248-n 04688744-n 00065609-n
marquis,n,11178354-n 10315140-n
marseille,n,08956606-n 03729025-n
marsh,n,09370676-n 11178641-n 11178523-n
marshall,n,11179204-n 11178972-n 11178744-n 10315837-n 10315612-n
martin,n,11180045-n 11179910-n 11179809-n 11179688-n 01598265-n
mason,n,11183150-n 11183031-n 11182905-n 10317198-n 10130913-n
masonic,a,02906670-a 02906520-a
masonry,n,03731208-n 08252434-n 00610164-n
mass,n,05031420-n 13796604-n 07978738-n 01044274-n 09370952-n 08197108-n 05106651-n 07047240-n 07047100-n
mat,n,03733328-n 03733809-n 03733437-n 09371724-n 06714014-n 04963287-n 04052867-n 03733622-n
maxim,n,07167656-n 11186050-n
maxwell,n,13659854-n 11186494-n
may,n,15236280-n 12648511-n
mayflower,n,03738483-n 12255568-n
mb,n,13649880-n 13649707-n 13649517-n 06711988-n
md,n,14669270-n 10040615-n 09116186-n 06716084-n
mead,n,11190238-n 11190113-n 07906725-n
meany,n,11190754-n 10323945-n
mecca,n,09016460-n 08616124-n
medina,n,09016709-n 08645883-n
medusa,n,09521044-n 01912893-n
megillah,n,07232959-n 06419882-n
menorah,n,03751646-n 03751496-n
mephitis,n,15060542-n 05722841-n 02448645-n
mercer,n,10329452-n 11195435-n
mercurial,a,00346106-a 02877956-a 02877730-a 02877560-a
mercury,n,14669524-n 09585833-n 09374305-n 05021492-n
meridian,n,13963489-n 09127772-n 08616379-n
merlin,n,11196378-n 01614916-n
merman,n,11196517-n 09512827-n
mesa,n,09374802-n 09080534-n
messiah,n,09560771-n 09560613-n 09560436-n 07056151-n
mg,n,13745171-n 14668427-n
mi,n,14136503-n 13682724-n 13682449-n 13672836-n 09122118-n 08364133-n 08363582-n 06881632-n
micrometer,n,13680266-n 03765190-n
midi,n,08963374-n 06678775-n
midland,n,09168290-n 08606151-n
midway,n,08632321-n 01290275-n
midweek,n,15189280-n 15161294-n
milk,n,07860018-n 05406377-n 09377677-n 07860580-n
mill,n,03321351-n 11199492-n 11199277-n 03771096-n 00359116-n
miller,n,11200199-n 11200019-n 11199913-n 10337745-n 03771579-n 02286269-n
millet,n,12156415-n 11200347-n 07818939-n
min,n,15259561-n 06943410-n 09535746-n
miro,n,11678782-n 11201825-n
miss,n,10149362-n 07334374-n 06352619-n
mn,n,14668832-n 09124616-n
mo,n,15271664-n 14669839-n 09128437-n
mobile,n,09379536-n 09076943-n 03781824-n
modern,a,01539804-a 00976094-a 00415873-a 01882360-a 00824544-a
mogul,n,13918242-n 10346549-n 09859605-n
mohawk,n,09681436-n 06929089-n 05268427-n
mole,n,13746191-n 09989722-n 07854527-n 04701152-n 02897867-n 01892161-n
moloch,n,10481571-n 09542589-n 01691602-n
mongoloid,a,03099367-a 03099143-a 03099007-a
mongoloid,n,10348407-n 10348226-n
monitor,n,10498545-n 09791278-n 03787963-n 03787723-n 03787539-n 03787320-n 01697350-n
monk,n,10131898-n 11205490-n
monopoly,n,14467792-n 14467580-n 00506249-n
moon,n,09381255-n 09381447-n 15232668-n 11505375-n 11209044-n 09381123-n
moor,n,09742775-n 09381648-n
morocco,n,08991642-n 14787238-n
moron,n,10217144-n 08731118-n
mosaic,n,03793292-n 14304277-n 06583966-n 05940766-n 03793580-n 03793437-n
mot,n,06789622-n 00796822-n
mound_builder,n,10354174-n 01803729-n
ms,n,14117550-n 09126551-n 06714902-n 06418622-n 06352895-n
mt,n,14669141-n 13747698-n 09130786-n 06142954-n
mugwump,n,10357358-n 10357201-n
mull,n,09385842-n 08914238-n
muller,n,11216036-n 11215903-n 11215761-n 11215609-n 11215442-n 11215285-n 10359217-n 03925552-n 03803687-n
munch,n,11216198-n 00843054-n
muscat,n,13168571-n 08997805-n 07917697-n 07776129-n
muscovite,n,14707246-n 09748404-n
muse,n,09589128-n 05843486-n
mv,n,13664075-n 14669270-n
myrmidon,n,10363180-n 09620802-n
n,n,14671413-n 13853375-n 13669285-n 13602112-n 06845622-n
nan,n,10364746-n 10162267-n 09387851-n 07700034-n
nanna,n,10162267-n 09605194-n 09543238-n
napoleon,n,11220266-n 07642695-n 00494753-n
narcissus,n,12441972-n 09522469-n
nasturtium,n,12740444-n 11913473-n 07835745-n
nation,n,08185877-n 08183451-n 11221051-n 08320622-n
nativity,n,07334902-n 06202643-n
navy,n,08208631-n 04976880-n 08208917-n
nazi,n,10369951-n 10370215-n
nb,n,14671120-n 06777091-n
nd,n,14670060-n 09152115-n
ne,n,14670330-n 13854042-n 09132074-n
neandertal,a,03100579-a 01956681-a
neanderthal,a,01956681-a 03100579-a
nebuchadnezzar,n,11222053-n 03819486-n
nelson,n,11223049-n 00814997-n
nemesis,n,09590550-n 14468692-n
never-never,n,13317775-n 08522286-n
new,a,01645077-a 01691809-a 00940455-a 00129805-a 02077895-a 02595137-a 00824777-a 00824544-a 00821577-a 00025079-a
new_deal,n,06669854-n 15286282-n 01086772-n
new_wave,n,08486928-n 08482569-n
newmarket,n,03827438-n 00494319-n
newton,n,11225365-n 13669285-n
night,n,15192074-n 15192624-n 15192521-n 15180707-n 14007202-n 15194806-n 15192396-n 09582898-n
nightingale,n,01562746-n 11227400-n
nip,n,13795390-n 09738048-n 05723811-n 05022862-n 05000286-n 00843942-n
nipa,n,12612658-n 07907588-n
nm,n,13679972-n 09137349-n
no,n,07219764-n 14671900-n
nonconformist,n,09977612-n 09977313-n
nordic,a,03104119-a 03103985-a 00245180-a
north,n,09075108-n 09074770-n 13853375-n 08578618-n 13857626-n 13853640-n 11229780-n
northeast,n,13854042-n 08581519-n 13857745-n 08578767-n
northwest,n,08581668-n 13858452-n 13857084-n 08579483-n
np,n,14670581-n 10387518-n
numbers,n,06444919-n 00509558-n
nun,n,10387708-n 07281584-n 06851162-n
nut,n,13157333-n 09535970-n 03841711-n 13734697-n 09994026-n 09788499-n 05532266-n
nyala,n,09052752-n 02427555-n
o,n,14672278-n 06845730-n 05408572-n
ob,n,09398803-n 06062970-n
oblation,n,01043530-n 01043381-n
occident,n,08700313-n 08700127-n
occidentalism,n,06167773-n 05175454-n
odyssey,n,00309105-n 06393816-n
oersted,n,13659723-n 11232416-n
oestrus,n,14061746-n 02197251-n
offertory,n,13291671-n 01038226-n
ohm,n,13668434-n 11233084-n
old,a,01648062-a 01642580-a 00969546-a 00939566-a 01733798-a 01127641-a 00823788-a 00128009-a
olympian,a,03104837-a 03104642-a 02347861-a 01680620-a
opera,n,07039821-n 06584114-n 03855334-n
opposition,n,00203133-n 13876846-n 01172234-n 10399319-n 08420744-n 13851118-n 10075655-n 08421145-n
orange,n,07763583-n 04972356-n 12729053-n 15015777-n 09402617-n
order,n,07183274-n 05098520-n 13991994-n 08474004-n 14520294-n 06551761-n 06541210-n 08244135-n 06665623-n 13974030-n 08164801-n 08123900-n 07294392-n 04706004-n 01011813-n
orient,n,08580157-n 08579780-n
orientalism,n,06167901-n 05175590-n
orphic,a,02782677-a 00903364-a
orthodox,a,02964966-a 01694333-a 02965144-a
os,n,05309921-n 14672085-n 06580310-n 05319752-n 05277400-n
ottoman,n,09754545-n 08173404-n 03863938-n 03385570-n
oxford,n,08898034-n 09100192-n 03874187-n 03874084-n
p,n,14673375-n 06845838-n
pa,n,10007601-n 14675887-n 13733408-n 09157081-n 04024549-n
pablum,n,07718798-n 06624527-n
pacific,a,02957981-a 01745918-a 00763693-a
paddy,n,09734917-n 08631804-n 07820876-n
padre,n,10336185-n 10100973-n
page,n,06267274-n 11240139-n 11239982-n 10411115-n 10410947-n 10410785-n
palatinate,n,08793272-n 08570961-n
palatine,n,10414028-n 10413840-n 08815264-n 05285651-n
pan,n,03886228-n 09591370-n 03886020-n 02484260-n
panacea,n,09586171-n 03886467-n
pantaloon,n,09625784-n 09625658-n 03890251-n
para,n,14070653-n 13693415-n 10418718-n 09407664-n 08873847-n
paradise,n,08583035-n 05636722-n
park,n,08632724-n 08632949-n 02785801-n 11242645-n 08633213-n 03896578-n
parliamentarian,n,10420136-n 10420008-n
paronychia,n,14202276-n 11833778-n
parr,n,11244036-n 02537711-n 02516358-n
pascal,n,13733408-n 11244409-n 06915891-n
passer,n,10424417-n 10424295-n 10424171-n 10423987-n 01542413-n
passion,n,07496036-n 04635549-n 14062661-n 09204454-n 07503928-n 05821331-n 14348629-n
pastor,n,10003102-n 01579906-n
pasty,n,07888146-n 03903456-n
pate,n,07873935-n 05547228-n
patella,n,05285894-n 01951558-n
paternoster,n,06469466-n 03904797-n
pavlova,n,11247390-n 07627746-n
pb,n,14667645-n 13652006-n 13651848-n 13651674-n
peacemaker,n,09971642-n 02910981-n
peel,n,11248029-n 07754329-n
pengo,n,13698863-n 06993745-n
pentagon,n,03918615-n 08224016-n 13904858-n
peripatetic,n,10436477-n 09827503-n
perm,n,09031742-n 05268016-n
perry,n,11250659-n 11250392-n 11250148-n 07938387-n
peshmerga,n,08047132-n 10437033-n
pet,n,01321385-n 10011405-n 07568642-n 00904074-n
petunia,n,12930181-n 12930012-n
phallus,n,13060868-n 05534035-n
pharisee,n,10441084-n 10440928-n
philistine,a,03110849-a 01336838-a
philistine,n,10442776-n 10442616-n
phiz,n,10886325-n 05609112-n
phlebotomus,n,14242969-n 02206736-n
phoebe,n,13766661-n 09600486-n 01552527-n
phoenix,n,09080839-n 12614587-n 09524068-n 09413860-n
phosphorus,n,14673375-n 09382368-n
photostat,n,03933777-n 03933537-n
pi,n,13776148-n 10496256-n 10494748-n 06848790-n 04020369-n
pica,n,14079459-n 13734533-n 01584752-n
pie,n,07641102-n 06954856-n
pied_piper,n,10452084-n 09626138-n
piedmont,n,09074556-n 09414537-n 08827601-n
pietism,n,08492733-n 04834406-n
pigmy,n,10516211-n 10516074-n
pilgrim,n,10452205-n 10452438-n 10452296-n
pin,n,03946989-n 07486511-n 07286496-n 06900491-n 05569340-n 03958247-n 03947289-n 03947170-n 03946532-n 03911849-n 02885888-n
ping,n,09415400-n 07404169-n
piper,n,10454808-n 13169822-n
piston,n,11255916-n 03955226-n
pitman,n,11256033-n 09951966-n
plantation,n,13273412-n 08391700-n 03468764-n
platonic,a,02791486-a 01731876-a
plimsoll,n,08613892-n 03973602-n
plough,n,09242765-n 03973894-n
pm,n,00142216-n 14675658-n 09926654-n 06292501-n
po,n,14674735-n 10440554-n 09419025-n 08162285-n
poinciana,n,12519244-n 12510320-n
pole,n,03983015-n 09746969-n 05959426-n 13672539-n 13635960-n 08638674-n 08638456-n 04420286-n 03983516-n 03983318-n
polish,n,04962337-n 14483408-n 15020587-n 06957482-n
poll,n,05809006-n 05547228-n 05546645-n 01819987-n 00655054-n
pollack,n,11260986-n 07805216-n 02526833-n
pollock,n,11261096-n 07805216-n 02526833-n
polo,n,11261290-n 00478650-n
pompadour,n,11261645-n 05267723-n
pons,n,11262311-n 05508643-n
pope,n,10473089-n 11262733-n
popper,n,11262839-n 03990172-n 03990070-n
porter,n,10475013-n 10046278-n 11263414-n 11263258-n 11263092-n 10474871-n 07906201-n
post,n,08641960-n 03768938-n 00587299-n 03994528-n 11263897-n 11263710-n 11263552-n 08480074-n 07272483-n 06275051-n 00319012-n 90000031-n
post_office,n,08162561-n 08162285-n 00488337-n
pound,n,13742201-n 13708765-n 13742407-n 13717779-n 13717525-n 13717041-n 13716762-n 13716122-n 13715746-n 13669802-n 11264540-n 06822614-n 04000061-n 01177806-n
pr,n,14675391-n 08770807-n 07262593-n
praetorian,a,03113275-a 00624670-a
predate,v,02718318-v 02698528-v 01206120-v 00277856-v
president,n,10488144-n 10486961-n 10486745-n 10488547-n 10488335-n 00598380-n
pretender,n,10489564-n 10221154-n 10215212-n
pretorian,a,03113275-a 00624670-a
price,n,05152365-n 13324337-n 05171334-n 05148930-n 07181692-n 13324781-n 11266398-n
prime_meridian,n,08617044-n 08616848-n
prime_minister,n,09926654-n 09926439-n
primus,n,10492275-n 04009599-n
process,v,00516235-v 02443400-v 00640499-v 02588127-v 02000767-v 01672498-v 01441318-v
promised_land,n,08816234-n 08583035-n 05636887-n
protestant,a,02963959-a 00516100-a
providence,n,09160159-n 01134648-n 14497501-n 04900165-n
psalm,n,06478458-n 06478348-n
psyche,n,05619057-n 10646444-n 09600779-n
pu,n,14673953-n 92364728-n
puck,n,09564920-n 04025935-n
pueblo,n,09686327-n 09090805-n 08691011-n
punic,a,03116197-a 00963283-a
punt,n,13716762-n 04031377-n 00137804-n
puritan,n,10513958-n 10513780-n 10506611-n
purple_heart,n,06721414-n 04263262-n
pus,n,15245781-n 05424816-n
pygmy,n,10516211-n 10516074-n
pyramid,n,13937870-n 13364299-n 04035601-n
pyrethrum,n,12043188-n 12042851-n 12042523-n 12026338-n
python,n,01746246-n 10516512-n 09524330-n 83541804-n
pythoness,n,10516631-n 09593808-n
pyxis,n,13160259-n 09424488-n 04036890-n
q,n,06845946-n
qibla,n,08699387-n 08057274-n
quaker,n,09699104-n 10517631-n
quaternary,n,15149497-n 13766444-n
quiche,n,09686802-n 07635203-n 06938797-n
r,n,13667510-n 13611282-n 06846054-n 05109363-n
ra,n,14676100-n 09536351-n 08650766-n
rabbi,n,10521914-n 06352979-n
raffia,n,15027113-n 12616066-n 12615507-n
raja,n,10525325-n 01504091-n
ram,n,04059869-n 09771577-n 08703867-n 04057522-n 02414726-n
rand,n,13718628-n 11273620-n 09024251-n
ranger,n,10724361-n 10111867-n 09961754-n
raphia,n,15027113-n 12615507-n
ravel,n,11275075-n 07457610-n
re,n,14676569-n 09536351-n 06881495-n
reading,n,05816802-n 07188417-n 05824916-n 06610383-n 05937299-n 08900450-n 07249541-n 01006524-n
real,n,13752012-n 13690013-n 13410750-n
reaper,n,10180956-n 09511714-n 03502017-n
rebel,n,10647730-n 10229738-n 10323321-n
recap,n,06481048-n 04091054-n
reconstruction,n,15286469-n 00270102-n 07188789-n 05770255-n
recover,v,02252785-v 00092442-v 00529419-v 02254246-v 02231615-v 01339223-v
recreate,v,00738804-v 00024272-v 01622373-v 01697776-v 02423521-v 01821905-v
red,n,04969961-n 09428827-n 09883155-n 13348253-n
redeemer,n,11103646-n 10533216-n
reed,n,12157237-n 11276484-n 11276325-n 04074000-n 02820934-n
reef,n,09429671-n 09024251-n 03463893-n
reformation,n,14447491-n 08492940-n 00096791-n
reformed,a,01696428-a 01964122-a
regency,n,15324238-n 15320846-n 00600085-n
reign_of_terror,n,15285462-n 15285247-n
rem,n,14049226-n 13667846-n
renascence,n,15284623-n 07335847-n 01049727-n
republican,n,10542226-n 10542088-n 09430510-n
requiem,n,07064659-n 07047400-n 01044693-n
restoration,n,15286679-n 00269401-n 00090171-n 14447921-n 04090580-n 04070101-n 01310097-n
resurrection,n,07326636-n 01049983-n
reticulum,n,09431290-n 05509136-n 02402300-n
revelation,n,07228055-n 05816110-n 07227892-n 06459567-n
revere,n,11278491-n 04092001-n
reverend,n,09946909-n 06353143-n
rf,n,15047861-n 14677595-n 05509741-n
rh,n,15062444-n 14676802-n 05419585-n
rhea,n,09599516-n 01524397-n 01524040-n
rheum,n,14877834-n 12623611-n
rice,n,07820299-n 12146407-n 11279767-n 11279625-n
riff,n,10550050-n 07059846-n
riot_act,n,06551067-n 06550886-n
ritz,n,11283548-n 06902925-n 04102203-n
riverside,n,09438462-n 09087338-n
rn,n,14676283-n 10536120-n
rock,n,09438954-n 14720954-n 11286910-n 10554923-n 07624692-n 07078755-n 00348834-n
roentgen,n,13667510-n 11288316-n
roman,n,09736329-n 09736443-n 06840553-n
romance,n,13954469-n 05215690-n 06976693-n 06382890-n 06380839-n
romanticism,n,05160149-n 06164599-n 05215690-n
rota,n,08352341-n 06508853-n
round_table,n,07160022-n 04121648-n
roundhead,n,10560213-n 10560083-n
router,n,10560429-n 04121938-n 04121813-n
row,n,08448447-n 07198809-n 09440243-n 03124680-n 08450457-n 05052831-n 00446336-n
royalist,n,10347490-n 09921581-n
rush,n,00556685-n 07454840-n 11763763-n 11294259-n 07543858-n 07450952-n 00561330-n
ruth,n,11296090-n 11295942-n 07569430-n 06446038-n
rutherford,n,13667702-n 11296539-n 11296275-n
s,n,15259923-n 14680398-n 13855574-n 13658719-n 06846162-n 05019769-n
sabin,n,13632058-n 11297269-n
sac,n,13937488-n 13113481-n 09687420-n 05523321-n
sagitta,n,09441832-n 01926950-n
sake,n,05150324-n 07907408-n 05992232-n
saki,n,11216617-n 07907408-n 02495579-n
salmon,n,02537365-n 09443301-n 07811727-n 04972548-n
salt,n,15035270-n 07829083-n 07164290-n 05725289-n
sand,n,15043597-n 11300003-n 05039506-n
sapphic,a,02027708-a 01205665-a
saratoga,n,02547784-n 01296620-n
saskatoon,n,08849108-n 07761637-n
satanic,a,01136015-a 02941816-a
saturnalia,n,00519498-n 00512223-n
savannah,n,09100332-n 09447743-n 08663422-n
savior,n,11103646-n 10573233-n
saviour,n,11103646-n 10573233-n
savoy,n,08965050-n 07730640-n
sax,n,11303148-n 04148141-n
sb,n,14652846-n 06712342-n
sc,n,14678010-n 09160577-n 08313253-n
scholastic,n,10431101-n 10578324-n
scholasticism,n,05984932-n 04809328-n
schoolman,n,10579111-n 09778642-n
scleroderma,n,14588777-n 12989642-n
sclerotium,n,13103589-n 13043663-n
scorpion,n,09772535-n 08705083-n 01773034-n
scotch,a,03036161-a 02430138-a
scotch,n,13928411-n 07923788-n
scout,n,10290913-n 10582611-n 10582396-n 10582177-n
scrabble,n,04162371-n 00503172-n
scribe,n,11309989-n 10584088-n 09984335-n 04162518-n
scripture,n,06443410-n 06442055-n
sculptor,n,10585500-n 09449372-n
se,n,14678354-n 13855040-n
seal,n,04167097-n 04166119-n 14790219-n 10368257-n 06869035-n 06718747-n 04166606-n 04166415-n 02078848-n
seaman,n,10314263-n 11310643-n
sec,n,15259923-n 13810902-n 08441001-n
secession,n,08487045-n 00385912-n 00385741-n
second,v,02562643-v 02398446-v
secretariat,n,08341204-n 02387080-n
secretary_of_state,n,10592150-n 10123563-n 00603141-n
seine,n,09452656-n 04175602-n
selective_service,n,08370490-n 01160337-n
senate,n,08178376-n 08178490-n
sepia,n,04980653-n 15046494-n 01975052-n
sept,n,15237535-n 07987168-n
service,n,00578562-n 01212066-n 01034072-n 08202965-n 00585928-n 08215077-n 11313626-n 05157079-n 04182441-n 00855279-n 00580601-n 00569467-n 00319217-n 00268956-n 00099445-n
set,n,08013131-n 08016141-n 00626939-n 04304614-n 08257090-n 06209437-n 01054777-n 15281228-n 13512263-n 09536704-n 07378145-n 05682428-n 04183589-n
sewer,n,04186187-n 10603770-n 14499576-n
sexton,n,11314572-n 10604669-n
shaker,n,10605384-n 10605181-n 04190372-n
shape,n,05071206-n 00028005-n 05224424-n 05949928-n 04684871-n 14569829-n 08191066-n 05939522-n
sharpie,n,10060753-n 09914361-n 04192572-n 04192372-n
shearer,n,11316765-n 10606635-n 10606497-n
shiva,n,15321732-n 09551861-n
shower,n,04216003-n 00258447-n 11522915-n 07378268-n 10090370-n 08272716-n
shudra,n,10613692-n 08324370-n
shylock,n,10762041-n 10561958-n
si,n,14678720-n 13599470-n 06882179-n
siamese,n,06948926-n 09753726-n 04219640-n 02126249-n
siemens,n,13658719-n 11319885-n 11319765-n
signora,n,10617297-n 06353732-n
signorina,n,10617589-n 06353860-n
silenus,n,09571618-n 09571445-n
silesia,n,09189327-n 04226134-n
silex,n,15065757-n 04226252-n
sin,n,04835188-n 00758433-n 13809591-n 09545129-n 06851918-n
singer,n,10619214-n 11322767-n 11322610-n
sir,n,10620859-n 10620934-n
siren,n,10621248-n 10075218-n 07280494-n 04231457-n 01641828-n
sister,n,10622393-n 10621878-n 10621666-n
sitter,n,11323517-n 10623367-n 09848551-n 09832624-n 01795596-n
skinner,n,11324806-n 11324664-n 11324456-n 10627222-n 10357807-n
sleeping_beauty,n,10630633-n 10630783-n 08093291-n
slough,n,14336867-n 09461217-n 09461116-n 09460959-n
sm,n,14677775-n 06714902-n
smilax,n,12490441-n 12462057-n
smith,n,11326292-n 11326170-n 11326003-n 11325846-n 11325740-n 11325606-n 11325397-n 11325253-n 10634328-n 10634145-n
snake,n,01729333-n 10635218-n 09461458-n 09330458-n 04255138-n 03975218-n
snow,n,11528800-n 15068330-n 11327077-n 03070747-n
sob,n,14393527-n 09834593-n 00870347-n
sod,n,09487049-n 15089592-n 10640876-n 10172934-n
soddy,n,04263009-n 11327582-n
sodom,n,08813732-n 08813506-n
soho,n,09144286-n 08895284-n
sol,n,14614975-n 09584722-n 06881894-n
solferino,n,04978789-n 01297644-n
soma,n,13258886-n 09552205-n 05224424-n
sombrero,n,09010703-n 04266740-n
somerset,n,08903406-n 00440424-n
son,n,10643436-n 09560255-n
song,n,07062058-n 07409188-n 00547426-n 06809500-n 13274910-n 08175640-n
sop,n,07877397-n 07231275-n 01026910-n
sophist,n,10644461-n 09919381-n
sorghum,n,12157637-n 12157461-n 07876079-n
south,n,09073186-n 09072700-n 13855574-n 08579120-n 13858098-n
southeast,n,13855040-n 08581015-n 13857980-n 08578999-n
southwest,n,13856085-n 08581164-n 13858217-n 08579251-n
spam,n,07588912-n 06291000-n
spark,n,07426910-n 04960557-n 11531956-n 13795739-n 11329608-n 09465245-n
spartan,a,02984235-a 01998544-a 01304251-a 00009637-a
speaker,n,10649550-n 03696785-n 10650671-n
spender,n,11330518-n 10654858-n 10654673-n
sphinx,n,10655186-n 09525430-n 04281926-n
spiraea,n,12816315-n 12680117-n 12679964-n
split,n,00438869-n 13792216-n 13307663-n 09466040-n 09433806-n 08836868-n 07632199-n 04289802-n 00439983-n 00392215-n 00387484-n
sr,n,14679910-n 13634034-n
state,n,08671935-n 00024900-n 08195465-n 08185877-n 14503199-n 14011983-n 08562388-n 08154738-n
stein,n,02827200-n 11334661-n
stentor,n,10673650-n 09514915-n 01399258-n
stern,n,04323784-n 11336823-n 05566889-n
stinger,n,07934549-n 06734210-n 04327543-n 02468324-n 01177478-n
stoic,a,00861745-a 03031868-a
stoic,n,10678115-n 10678306-n
stoicism,n,04637735-n 05985815-n
stoker,n,11338819-n 10678481-n 04332730-n
stone,n,09438954-n 04333222-n 14720954-n 14723913-n 13742705-n 11705208-n 11339805-n 11339699-n 11339565-n 11339408-n 11339129-n 04637315-n
strand,n,05940848-n 04339921-n 03003364-n 14892009-n 09470815-n 08675379-n
suckling,n,11343443-n 10387990-n 01325902-n 00844658-n
sucre,n,13729690-n 08872604-n
sudra,n,10613692-n 08324370-n
sulla,n,12555367-n 11344085-n
sun,n,09473312-n 11505767-n 10694335-n 09473603-n 15188844-n
superior,n,10695457-n 10695315-n 10772598-n 09356077-n 09181435-n 06832889-n
supreme_court,n,08352813-n 08353115-n
surinam_cherry,n,12715247-n 12352547-n 07762310-n
surrey,n,08905188-n 04372199-n
swede,n,09751855-n 11898329-n 07752063-n
swedish_turnip,n,11898329-n 07752063-n
sweet,n,11346725-n 07625449-n 07612255-n 05724524-n 05001591-n
swift,n,11346994-n 11346864-n 01834808-n 01683296-n
syringa,n,12812089-n 12330670-n
t,n,15097424-n 14854334-n 13747698-n 06846270-n 05421216-n 05420990-n
tabasco,n,08763520-n 07842067-n 07737797-n
tabernacle,n,04385929-n 04385738-n 04381822-n
tallis,n,11349803-n 04004691-n
tamale,n,08966585-n 07895635-n
tang,n,05000286-n 08175819-n 05723811-n 01407891-n 01407748-n 01406354-n 01406236-n
tanga,n,13724725-n 09058426-n
tantra,n,06475911-n 06252557-n
tartar,n,15037836-n 10049454-n 09664724-n 09478055-n
tat,n,04825691-n 01010039-n
tb,n,14681745-n 14166897-n 13651315-n 13651137-n 13650943-n
tc,n,14681226-n 08313421-n
te,n,14681407-n 06882179-n
tear,n,05412667-n 09433806-n 00511734-n 00391894-n
tear,v,01576346-v 01559128-v 02059191-v 01386929-v 00066748-v
teller,n,11355036-n 10718595-n 10718466-n 10365535-n
terpsichore,n,09590173-n 00429255-n
terry,n,11356539-n 04421611-n
tesla,n,13660488-n 11356845-n
testament,n,05808280-n 06556133-n 06661335-n 06465393-n
testudo,n,04423140-n 01673019-n
thanksgiving,n,15225951-n 07204699-n
thatch,n,05268809-n 15094279-n 11353998-n 04424807-n
thatcher,n,11357774-n 10724860-n
thunderer,n,09597528-n 04439059-n
thymus,n,12891152-n 05340117-n
ti,n,14683390-n 12499011-n 06882179-n
tidewater,n,09481502-n 09074354-n
tier,n,14451564-n 10730158-n 10730052-n 04441193-n 04441039-n
timothy,n,12151066-n 11362761-n 07818128-n
tinea,n,14148948-n 02294592-n
titan,n,09958449-n 09595603-n 09482399-n
titania,n,14640918-n 09569582-n
tom,n,02125377-n 01796985-n 82474586-n
tower,n,04467365-n 13923115-n 04503138-n
town,n,08683242-n 08243435-n 08689937-n 11366705-n
transfiguration,n,15324610-n 07372977-n 00403116-n 00400525-n
transportation,n,04480667-n 00316812-n 13329169-n 08160653-n 01107164-n 00208610-n
trapezium,n,13904038-n 09484199-n 05280390-n
treasury,n,13378158-n 08137210-n 13415499-n 10747110-n 08156795-n 04485060-n
tree,n,13124818-n 13935275-n 11368155-n
triangle,n,13901977-n 13902291-n 09484854-n 04488251-n 04488109-n
trilby,n,10749219-n 03330886-n
trinity,n,13766184-n 09559900-n 08002508-n
tripoli,n,14960612-n 08979872-n 08977766-n
triton,n,09596323-n 09485361-n 01950376-n 01632925-n
trojan,n,09769855-n 06597728-n
trojan_horse,n,08376680-n 06597728-n 04493974-n
trot,n,00295034-n 10750670-n 06358595-n 00288405-n
troy,n,13738595-n 08806739-n
truth,n,05827597-n 13979774-n 06736815-n 04810156-n 11370700-n
tuber,n,13149124-n 13005996-n
tucker,n,11371524-n 11371342-n 10752405-n 04502478-n
tupelo,n,12361515-n 12360900-n 09128006-n
turkey,n,01796799-n 09061886-n 10243965-n 07663340-n 07379793-n
turner,n,11373190-n 11373073-n 11372878-n 11372696-n 10753231-n 10753144-n 10753007-n 04507355-n
tutu,n,11373996-n 02783838-n
tv,n,06287933-n 04413042-n
twin,n,10754051-n 09771850-n 09487465-n 03122590-n
twins,n,14907668-n 08704233-n
twitter,n,07394177-n 90000051-n
tyke,n,10754548-n 10430560-n 09937051-n
tyre,n,08978107-n 04447883-n
tyrolean,n,09754455-n 04513183-n
u,n,15108924-n 14684622-n 06846378-n
ulster,n,08908408-n 04513697-n
union,a,01610796-a 02483666-a
union,n,08249977-n 09074770-n 00848970-n 14441799-n 13987306-n 13592568-n 08321825-n 08015154-n 07387877-n 04517110-n 00382488-n
usher,n,11377874-n 10761768-n 10761478-n
ut,n,15155157-n 09169783-n 06881359-n
utopia,n,07297903-n 13955078-n 06381801-n 05639839-n
utopian,a,03031707-a 02507751-a
v,n,13664755-n 14685199-n 13766661-n 06846486-n
vaisya,n,10764512-n 08324197-n
valentine,n,10764849-n 06640323-n
vandal,n,10765724-n 10765863-n
vandyke,n,11379862-n 05270815-n
varna,n,08732799-n 08323595-n
vat,n,04500676-n 89535166-n
venturi,n,11382880-n 04534605-n
vernier,n,11383652-n 04536403-n
vesper,n,09299778-n 01036603-n
victorian,a,03039307-a 01886245-a 01541854-a
villa,n,11386400-n 04542819-n 04542665-n 04542547-n
village,n,08243620-n 08690476-n 09145635-n
viola,n,12408150-n 12407995-n 04543630-n
virgin,n,10774925-n 09772258-n 08704717-n
virgin_birth,n,13553950-n 06202643-n
volunteer,n,10778999-n 10778819-n 09765063-n
w,n,14683691-n 13856598-n 13666001-n 06846594-n
wac,n,10781630-n 08229661-n
wagon,n,04550444-n 03984324-n 09242765-n 04550795-n 02817668-n
wain,n,11390196-n 09242765-n 04551210-n
wake,n,11431724-n 08857548-n 07358968-n 01031915-n
walker,n,11391249-n 11391120-n 10431800-n 04553034-n 04552757-n 04552591-n
ward,n,10786688-n 08690135-n 04557205-n 11394276-n 11394080-n 11393892-n 02995487-n
warner,n,11394584-n 10787690-n
warren,n,11394947-n 11394784-n 09497895-n 08696253-n 08013040-n
wasp,n,09662557-n 02214714-n
waterloo,n,08871057-n 07491991-n 01301967-n
waters,n,11396064-n 05406970-n
watt,n,13666001-n 11396737-n
wave,n,07366790-n 00346921-n 07360193-n 07367435-n 07288732-n 05266723-n 13891583-n 11544884-n 10790734-n
weber,n,13660056-n 11398924-n 11398800-n 11398657-n 11398457-n 11398249-n
weld,n,12406347-n 11400650-n 04579244-n
west,n,08700313-n 13856598-n 08700557-n 13858335-n 11402393-n 11402273-n 11402107-n 08579372-n
western,n,06628388-n 07714417-n
wheeler,n,11403273-n 10795328-n 10795204-n 10005719-n 02390233-n
wheeling,n,09179792-n 00123350-n
whistler,n,11403420-n 10797436-n 02364358-n 01853014-n 01559155-n
white,n,09660255-n 04967906-n 11404286-n 11404154-n 11404017-n 11403912-n 11403762-n 11403541-n 09501485-n 07857013-n 04587272-n 03361927-n
whitehead,n,11404561-n 05252969-n
whoop,v,00916168-v 00006100-v
wiener,n,11405606-n 07692347-n
wight,n,09995959-n 09502368-n
wilderness,n,14437235-n 09502554-n 08701286-n 05124030-n
wimp,n,10801493-n 09499847-n
wind,n,11546388-n 11435606-n 00838198-n 07151419-n 06664322-n 04594218-n 00841258-n 00346467-n
wind,v,01886807-v 02744576-v 01525056-v 02129688-v 01524685-v 01519597-v 01457813-v
wisdom,n,05934868-n 04897307-n 05624890-n 05167331-n 06472194-n
wise,n,04938910-n 11413310-n 11413119-n
wolf,n,02116752-n 11414393-n 11414209-n 10806873-n 09864997-n
wolverine,n,09763021-n 02451981-n 02451814-n
wood,n,15122728-n 08455525-n 11415890-n 11415768-n 11415604-n 11415461-n 04605909-n 04604393-n
word,n,06297048-n 06750911-n 06654787-n 07183893-n 07155367-n 07241961-n 13648798-n 09560255-n 06686933-n 06443410-n
wordnet,n,06652077-n 06651729-n
worth,n,13786482-n 05145473-n 11417880-n
wren,n,11418190-n 01586866-n
wright,n,11419118-n 11418950-n 11418778-n 11418606-n 11418484-n 11418339-n 10813210-n
x,n,13768652-n 06846713-n 02681592-n
xerox,n,04616593-n 04616281-n
xi,n,13768812-n 06848575-n
y,n,14685919-n 06846826-n
yahoo,n,10823706-n 10821497-n 06591303-n
yb,n,14685661-n 13653922-n 13653781-n 13653625-n
yogi,n,10868542-n 10823582-n
young,n,01324070-n 11424276-n 11424136-n 11423824-n 11423688-n 11423596-n 11423452-n 11423216-n 07960326-n
young_turk,n,10824336-n 10824240-n
yuan,n,13732097-n 08177045-n
z,n,07369614-n 06846940-n
zaire,n,13732548-n 08752218-n
zb,n,13653306-n 13653148-n 13652973-n
zealot,n,10824878-n 10421831-n
zephyr,n,11451868-n 09596739-n
zeppelin,n,11426137-n 04621729-n
zinfandel,n,13168163-n 07914308-n
zip,n,13762308-n 06367112-n 05043116-n 04245427-n
