a,n,13679721 15114370 14853735 14731050 13658855 06844227 05408203
aa,n,14955610 08026923 06710698
ab,n,06711403 15241359 05564972 05408439
abecedarian,n,09775119 08110619
aborigine,n,09643964 09695957
ac,n,14651833 11444066
ace,n,13764713 02676145 09781932 14759821 08192397 00569738
acre,n,13635023 08873717 08811162
actinia,n,01917602 01917471
adonis,n,10308625 11744998 09570758
advent,n,00049569 15266304 07337150
aether,n,09576728 06265492
afghan,n,02686177 09708831 06987792 04195013 02090746
afghani,n,13685334 06987792
agora,n,13728520 08509471 02687821
agriculture,n,01106311 00918295 08145946 08092123
ai,n,08412639 06142654 02460039 00847013
air_force,n,08212964 08213170
al,n,14651998 09075641
algol,n,09215444 06914540
allied,a,01979135 02623356 02623204 02485960 00735399
allies,n,08188491 08188109 08187877
alpine,a,03037260 03037104 01222044
alsatian,n,09805227 02109314
alum,n,14652485 14652297 09805779 02703481
alyssum,n,11891216 11891076
am,n,14652672 06713764 06292247
amazon,n,09806734 09806517 09218250 01820940
ambrosian,a,02626488 02404495 01182785
amp,n,13658855 14731871
amphisbaena,n,09515864 01685677
ana,n,09530888 08479975
ananas,n,12627959 07769251
anchorage,n,13341713 09078369 08657351 00052872 80258799 81261025 
andromeda,n,12263976 12249960 09520495 09220149
anemia,n,14218797 14396143 12976399
angel,n,09562026 10566407 09813158 09220538
angelus,n,07461344 06468054
angle,n,13910202 06220813 09722069
anjou,n,08960144 07784115
annunciation,n,15210982 06759903 06738907
anomia,n,14122145 01964991
apache,n,09669631 09630238 06932210
apocalypse,n,07330231 06459567
apocryphal,a,01923074 02643873
apostle,n,09818884 09818636 09818234
ar,n,14653098 13635143 09081737
archer,n,09824747 09772679 08705263
arctic,a,02453543 01255223
arctic,n,08513487 02738543
argonaut,n,09630812 09612759 01973308
argus,n,09513019 01806534
ark,n,02740472 02740356
army,n,08208160 08200208 08411879
as,n,14653327 09014248
ascension,n,15217887 07460080 07326440 07326279 00325210
ashcan_school,n,08292418 02750384
assault,n,00976530 00769315 02386877 00774891
assumption,n,06766514 05900703 00083690 15218743 07372466 04845958 00084080
astragalus,n,12528582 05278882
astrakhan,n,14788619 09026728
at,n,14653739 13703153
atlas,n,09598726 06438756 05596396 02755815
atm,n,13733165 06289724 02980517
attic,n,03691456 06990270 05547087 02758828
attorney_general,n,09842232 10589873 00601032
au,n,14662977 13678862
aurora,n,15193837 11447355 09595291
axis,n,06017958 13149530 08188691 08187993 05596490 02767619
b,n,01352589 15115309 14656049 13735626 13635537 06844334 05408321
ba,n,14654176 06711403
babel,n,04467869 00380801
bacchanalia,n,00512687 00512223
bacon,n,07686178 10850327 10850052
badger,n,09765867 02449997
badlands,n,09235479 08519818
baedeker,n,10850599 06434876
bailey,n,10850959 10850732 02778818 02778694
balance,n,14025764 13430153 05083996 13920689 13833030 13430333 09772396 08704888 05071996 03123190 02780407 02780105
balboa,n,13686258 10851456
bale,n,02781461 09054958
ball,n,02781674 03807768 13922097 05532266 02782458 10852327 07977630 07463485 05583825 00472688 00108220
balm_of_gilead,n,11642401 14921234 12713282
balmoral,n,02786731 02786590
bam,n,08931499 07390857
ban,n,06554038 13724420 13707683 07270069 06711665 92422125
band_aid,n,02789081 00269301
bannister,n,10853191 02791171
banting,n,10853401 02408092
bar,n,02800154 02792510 02791712 06877775 02792294 01079274 13733960 09236967 08129368 04690493 02940853 02910716 02793177 02793035 02792793
barber,n,10854035 09858283
baroque,a,01799504 02985568
baroque,n,15283887 04705655
bartlett,n,10856619 10856458 07784206
base,n,02801449 03391862 02801040 09238222 08528849 06670863 05801562 02800851 14988729 14642431 13920530 13831981 13619037 08507412 08030577 06311183 03575144 02801928 02801733 02801276
basic,n,06915685 02803952
basil,n,12881125 10857514 07832140
bass,n,04994045 07045779 09861916 07793921 07793488 06885404 02806515 02568204
bast,n,13120203 13119721 09535163
bastille,n,02808769 02808628
bath,n,02809715 00258637 13637841 08898429
battle_of_verdun,n,01301064
beadle,n,09864178 10858727
beatitude,n,14011204 06312002
beaver,n,14788796 09764560 05269619 03242119 02821389 02821270 02365657
becket,n,10859617 02821642
bedlam,n,13999769 02823933
beguine,n,10622103 07069034 00536358
bell,n,02827590 03227219 07391844 15252389 13908953 10862171 10861972 10861809 03020822 02828000
bellarmine,n,10862326 02828382
bellow,n,07136069 10862824
bench,n,02832068 09479337 08183086 04607813 08345627 08226440 02832300
bend,n,13891966 07325609 02832880 13930429 09156059 02833197
benedict,n,10863997 10863454 09869398
benedictine,n,10132203 07925052
benjamin,n,14922092 10864646
benny,n,12895543 10865020
benzoin,n,14922092 11726589
berg,n,09331478 10865685
berlin,n,08787478 10867050 02834519
berry,n,07758680 13158186 10868679
best,n,00128351 09870573 10869645
beta,n,06847295 11852577
bible,n,06443410 06434286
big_brother,n,09872949 09872875
big_dipper,n,09242765 04109500
bighorn,n,09242953 02418223
bikini,n,08858288 02841003
bin,n,02843139 13787446 06437204
birr,n,13686501 07414517
black,n,04967454 14007292 10871726 10871583 09659490 02849498 02849379
black_maria,n,03984324 00497610
blessed,a,00673977 02061620 00673178 02061479 01454547 01152267
blimp,n,09956947 02854209
blucher,n,10873528 02858981
bluegrass,n,12151922 09112954 07076230
bm,n,14878449 13462560
bohemia,n,08776715 08258230
bohemian,a,02678131 00609236
bohemian,n,10173755 09883026 09882906
bole,n,15015431 13186713 06995515
bolivar,n,13688895 10875200
bolivia,n,08871835 00498332
bologna,n,08824310 07692018
bond,n,11456397 13438583 13814395 13371991 04188289 02758357 14806688 10875583 09613551 04942705
boniface,n,10876082 10206393
book,n,06422547 02873453 06649049 07023062 13425421 07971027 07970797 06473279 06443410 06406508 02873887
booth,n,02877456 02877081 10877136 02877328
bop,n,08158664 07077141
boreas,n,11508350 09580044
boulder,n,09250746 09090206
bounty,n,13293082 05122718 04839475 02882125
bourbon,n,09889112 07922958 09888984 08170911
bow,n,02883431 02882759 02883250 02882960 13918793 07289130 07244001 02883550 00548802
bow,v,00900454 00879879 02044118 02066560 01733174
bowed,a,00948720 02323141 01022122 00792947
bowling_green,n,09112089 08533808
boxer,n,09889614 10410126 09890152 02110741
boy_scout,n,09891147 09891333
br,n,14656307 08058236
brahman,n,09892248 09892023 08323889 02407225
brahmin,n,09892248 09892023 08323889 02407225
braille,n,10881877 06374199
brat,n,10722132 07693727
brazil,n,08872733 07787707
bride,n,09894084 10883800 09894191
brit,n,09720360 02532819 01999549
bronze_age,n,15256211 15256059
brother,n,09895920 09896358 09897417 09896590 09896167
brown,n,04979195 10885972 10885804 02911310
brownie,n,09896836 09563850 07651880
browning,n,10886825 10886651 10886470 00247419
bubo,n,14339149 01624871
buck,n,04531437 13417070 10889822 04147696 01890905
buckeye,n,12789442 12789129 09764372
buffalo,n,02413348 09141172 07679237 02410605
bull,n,02405977 09898168 06623729 00076610 09898610 09898387 09771712 08704070 08534727 06739510 01890264
bullfinch,n,10890484 01536796
bunsen,n,10891011 02924413
burger,n,10891874 07712845
burgess,n,10892092 09900112
burgundy,n,08960830 07909866 04971082
burnside,n,10893524 05270301
burr,n,12056837 02927186 10893749 02927299 02924676
bursa,n,09064688 05524205
bush,n,13133423 08522039 08455215 10895517 10895288 10895055 05271086
bushman,n,09901079 09900985
butler,n,09903961 10896265 10896171
butte,n,09253109 09131514
c,n,13736596 15309503 15117865 14853935 14852681 14657384 13772555 13658127 06915472 06879382 06844441 03070747
ca,n,14656826 09083238
cabala,n,06686515 05962967
cabalism,n,05963233 01215896
cabalist,n,09905128 09904986 09904868
cabbala,n,06686515 05962967
cabbalah,n,06686515 05962967
cad,n,09905672 06579865
caesarean,a,03041087 03040914
caesarian,a,03041087 03040914
cage,n,02940098 14022451 10898282 02940305 02814194
calamus,n,12607059 11801645 11801399 02595237 02471248
caliphate,n,15273623 08568341 00590728
call,n,06283456 06208240 07135232 07206789 06809500 01057878 07207321 07207171 07205353 06594937 01057417 00165622 00081563
calla,n,11814248 11806486
calliope,n,09589449 02944161
calorie,n,13748672 13748406
calvary,n,08814071 07320650
calypso,n,12070031 09513340
cam,n,09254494 02945171
cancer,n,14263400 09771988 09255594 08704396 01980473
canton,n,08743287 08558333
capital,n,13375435 13374622 08535783 06837277 08535930 08374056 07297634 02959683
capitol,n,02960135 02959936
capsicum,n,12921222 12920908
cardigan,n,02966595 02115838
carina,n,09258984 05234539
carioca,n,09714415 07069243 00536492
carrel,n,10903440 02971792
carter,n,10904758 10904583 09917366
cartwright,n,10905104 09918144
carver,n,10905355 10809603 10585500 10005000
cash,n,13407787 13407638 10905974
cashmere,n,02980789 15129236 08997987
cassia,n,12512331 12512131 11725640
castor,n,09260655 02983662 02983495 02821270 02365514
cat,n,02124272 10172934 09919605 03614083 02989061 02986962 02130460 00903174
caterpillar,n,02311989 02986962
catholic,a,02932264 00287994
catholicity,n,06237394 04772946
cavalier,n,09921709 09921581
cd,n,14656622 13663013 13386310 03083234
cecropia,n,12424989 02305936
centaur,n,09516174 09262957
centre,n,08961199 08540894 08538999 08531106 07618221 05929717 05820064 05471109 02997001
cf,n,14657215 14178988
chad,n,14829846 09353373 08737870 06998936
chain,n,08392981 09263527 03003017 08074652 03003540 13674612 10910781 09426609 03003625 03003364
chamaeleon,n,09263795 01696424
chamberlain,n,10909441 09925648 09925532
chameleon,n,09925902 09263795 01696424
champagne,n,07909617 08961308
champaign,n,09416498 09105793
chancellor,n,09926866 09926439 09926301
chandler,n,10910189 09927262 09927024
chaos,n,13999769 11455013 09580899 06256659
chapman,n,10910620 09928136
charioteer,n,09929680 09233963
charlotte,n,09151045 07626499
chartist,n,09930509 09930298
chartreuse,n,07925163 04975434
chase,n,00320765 10913358 03013937
cheddar,n,08899112 07868895
chela,n,09704384 02159184
chesterfield,n,10914825 03018803 03018706
chevalier,n,10915301 09921709
chi,n,14074041 06849431
chile,n,08738314 07737201
chimaera,n,09516693 05777311 01483972
chimera,n,09516693 05777311
chin,n,05607372 06946056
china,n,08740839 03021863 08748383 03022147
chinese_mustard,n,11899102 07835658
chinook,n,11458726 09672240 07812297 06937773 02539087
chosen,n,09940492 08974748 08403584
chou,n,08496418 07729640 07644185
chow,n,08496418 07580726 02114789
christ,n,11103646 09560771
christian,a,02963612 00412086
christian_church,n,08099479 08104742
cicero,n,13734995 10917698
cimarron,n,09267878 02418223
circumcision,n,15218106 01033226 00396462
circus,n,08206141 00520795 00553716 03039074 03038845 01612190
citation,n,06718888 07195230 06776392 06625409 06570268 02386978
cl,n,14658769 13645213
clay,n,14837352 14980464 10919898 10919703 05225393
cleome,n,11886717 11886547
cm,n,13680636 14660398
co,n,14821811 14659468 09976492 09089754
coca,n,12710807 10923165 03064077
cockney,a,03067063 03066948
cockney,n,09724166 06960779
coke,n,14709929 07944936 03070747
cola,n,12217728 07944171
cold_war,n,14005485 14005641
collins,n,10924911 07930122
cologne,n,08790140 03075025
colon,n,05543502 13689748 13689477 08757502 06855710
colony,n,08390976 08012298 09070916 08531343 08516868 08012452
colt,n,02379443 03077300
commerce,n,01092370 08146250 07152330
commons,n,08632949 08559867 08198848 08185016
communion,n,01038365 07149283 08164026
communist,n,09965082 09964798
comrade,n,09965384 09971003 09896590
concord,n,09134400 13992690 13819525 09119495 07194843 01286428
confederacy,n,09072700 08320205 08268224 06536926
confederate,a,01611524 02485960
confederate,n,09973094 09972962 09780399
congo,n,08752218 09274984 08751877 07950918
congregational,a,02712658 02966345
congress,n,08178656 08325730 08335621 01233454
conservative,n,09976635 09977002
constable,n,09978621 10927603 09978737
constitution,n,06545639 00237945 06546123 04940721 03097474
content,n,07971643 06611268 13838733 13801586 05817200 14436286 04354303
continent,n,09277520 08714551
continental,a,02897567 02897710 02897394 01571309
cook,n,09982799 10928065
cooper,n,10929223 10929055 10928879 09983252
corchorus,n,12225247 12225063
cordoba,n,13713374 10930521 09048098 08730969
core,n,08259144 08541787 09279721 05929717 09279801 08325852 06616419 03112720 03112555 03112367
cork,n,14847397 14847717 08909627 03113504 02863403
cornhusker,n,09985435 09763492
corydalis,n,11924578 11924350 02268512
coulomb,n,13658127 10932554
court,n,08346380 03125429 08068698 03125142 10933107 08346249 03796288 03125691 03124849 01231712
coward,n,09637077 10933393
cox,n,14762026 09993154
crab,n,01979598 09993584 09771988 08704396 07803691 02187819 00446514
crane,n,10934199 10934083 09318361 03131358 02015503
crater,n,09495543 09282282 09282125
creation,n,00910190 03133774 07343542 00241051 00238736 09489410
creator,n,09559474 09637345
creek,n,09252316 09673784
creole,n,09729069 09728927 06918134
cretaceous,a,03069137 03068996
crick,n,14384587 10934925
cross,n,03140183 04688744 03139803 14501251 01329963 00852055
crow,n,01581669 07396886 09673964 09280335 07244407 06922167
crown,n,06897147 05315640 03143525 03143320 03143185 13411037 13148762 08635538 06718654 05547228 03143740 03143632
crucifixion,n,01167827 07347464 00423554
crusade,n,00799906 00970819
crusader,n,10534787 10000895
crux,n,09464256 06619047
cupid,n,09583190 06894274
curacao,n,08766875 07926194
curb,n,03153586 03153801 02704730 01148552
curie,n,13667078 10937751 10937455
curl,n,13898609 10937871 89143529
currier,n,10938110 10003717
cyclops,n,09513702 01999773
cynic,n,10006070 10006238
cyprian,a,03070159 00362800
cyprian,n,10505025 09718416
d,n,15116794 13772852 06844548
dalmatian,n,10008456 02112993
damascene,n,09753012 03165259
danish,n,06966788 07709335
daphne,n,12367095 09573407
darling,n,09286385 10011405 09869006
davenport,n,09109186 03169388 03169271
day,n,15180180 15148032 15182185 15190004 15161405 15274047 15233336 15233129 14508100 10945524
db,n,14660701 13735738
ddc,n,03195447
ddi,n,03195581
dean,n,10016322 10945818 10016606 10016458
death,n,07370091 11464213 13985834 15168437 15168236 09511389 14586552 00220442
dec,n,15238570 08650469
decker,n,10947891 03173030
defense,n,00956422 00825411 08098280 06753339 13480525 08148512 08081359 07215473 08080966 03176022 01201240 00825193
deliverer,n,11103646 10573233 10020810 10020651
demerara,n,14853640 09288040 08968731 07921536 07612137
democrat,n,10021813 10021572
democratic,a,00718584 02721266 00488527
demotic,a,02721408 00488807
denier,n,13605949 13410532 10022945
depression,n,14427564 14512697 09388914 07552873 15319454 14544431 14412645 13919062 13858914 00113494
desert,n,08522594 04814439
devil,n,09566482 09565450 07140494 10189012 10349658
diaspora,n,08498994 07346532 05095101
dickens,n,07140494 10954161
diesel,n,10954879 03197791
dink,n,08005662 00568317
dipper,n,03208990 09363358 09242765 01852833 01604335
disa,n,12080126 08413164
divine,n,09559474 09947594
dixie,n,09072700 03221265
dm,n,14141620 13680844
do,n,07462638 06881359 06716496
doc,n,10040615 08146250
doctor,n,10040615 10041836 00433296 10041617
doe,n,08149937 01891052
dol,n,13733091 08154495
dominion,n,14466399 08569713 08184148
domino,n,10958632 03225908 03225762 03225505
don,n,10044920 10484108 10045020 09532107 09291684 06351765
doodia,n,13206556 13206334
doomsday,n,15196354 07348806
dos,n,08154738 06580598
dot,n,13934887 08160653 06818684 02678511
dove,n,01814978 10047848 09273457 07662012 06894544
dowdy,n,10961706 07638972
down,n,01899202 00459310 10962136 09292247 05263175
dragon,n,09517519 10049454 09292623 01691230
drake,n,10962858 01849641
ds,n,14660570 08155259 06718550
dunker,n,10059846 10059743 09697226
e,n,15116976 14661000 13854554 13776305 06844655
earth,n,09293800 14867162 09357302 08579604 14868584 05678816 03467679
east,n,13854554 08580157 08580717 13857863 08578888
easter,n,15212989 11468680
eb,n,13652655 13652498 13652325
echo,n,05017985 09572176 07214950 05018346 04753847 01023061
edda,n,07752789 06966211
eddy,n,10968648 07447573
education,n,00884975 05993172 05761561 00612720 04929077 08149619
eight,n,13767226 08292418 03272251
el,n,13858749 03285724
elector,n,10780008 10492858
electrophorus,n,03284829 01446805
elf,n,09563850 05064314
empire,n,08575019 08069165 08422680 08075773 07756573
emu,n,13623769 01522514
energy,n,11472635 05043116 04843914 04640554 14073625 11472496 08149937
enlightenment,n,05995280 14011709 08489601
epicurean,a,03012661 01301832 01301187
epiphany,n,07338205 15219341
episcopal,a,02966527 02731793
epistle,n,06638690 06454286
er,n,14661166 03288132
era,n,15273375 15272831 07275968
eros,n,09583025 07503095
esquire,n,10084036 10083853
eta,n,08034942 06847830
etna,n,09197615 02924413
eu,n,14661354 08190414
evangelist,n,10086818 10087112
eve,n,09609918 15181384 15192825 15191509
ewe,n,09724683 07010247 02414645
excellency,n,10088735 05860309
exodus,n,00061234 06444385
explorer,n,10092496 06583714
f,n,13736746 14661685 13657765 06844762
fabian,a,03076819 00326738
fall,n,15261656 00077704 07493671 09288526 00758272 07442328 07384870 00068527 15194468 07486511 07376986 05119135
fall_of_man,n,07432746 07493671
fang,n,07005589 01787875 01468234 01468113
farmer,n,10098586 10986657 10986488
father,n,10100638 10122569 10100973 09941250 10101225 09560084 10127072 10045020
fatherhood,n,13836110 09560084 00593561 00593482
federal,a,01109822 02736565 01610796 01110899
federalist,n,10102866 10102766
fermi,n,13679309 10989978
fez,n,08992415 03336022
fielding,n,00127541 10990595
fig,n,07012307 12422189 08049347 07769089
firth,n,10991256 09303286
fish,n,02514684 07791351 09773123 08705814
fl,n,09094188 92363352
flagstaff,n,09080393 03360771
fleer,n,10134739 06729056
flinders,n,10993331 07972864
flint,n,14895229 09304451 09123290
flip,n,00440424 07931127 01248753 01248633 00444788 00106640 92448268
fm,n,06292374 14661517
ford,n,10995300 10995198 10995097 10994967 10994732 10994584 09306529 00298483
forester,n,10995400 10124525
fossa,n,13894850 02139275 02139104
fothergilla,n,12336516 12336335
founding_father,n,10127373 10127072
fowler,n,10996704 10128009
fox,n,02120985 10042484 14789089 10996993 10996858 09675274 06922624
frank,n,07692347 92440700 09708200
franklin,n,10999531 10999075 10128819
free_state,n,09116186 09072545 09023554
freemasonry,n,13953106 08252434
friend,n,10132360 09804483 09783207 10697152 09699104
frost,n,14939773 11460617 13506473 11003927
fry,n,11004253 11004122 09937051
fuji,n,12667366 09197913
fuller,n,11005649 11005436 10135260
funk,n,14428014 11006018 07077625
fury,n,07532236 14415281 05044968 09529469
g,n,13745822 14916289 14854134 13772984 13670214 13650416 13650222 13611530 06844869
ga,n,15090692 14662434 09098347
gable,n,03414303 11006433
gad,n,14404122 04297397
gallus,n,02890730 01793584
gamma,n,06847401 13659573 10940334
garibaldi,n,11010959 03423659
garland,n,11011161 09167467 06604903 04613372
garrison,n,03425469 11011579 08414993
gauss,n,13660326 11012671
gb,n,14985514 13663479 13650593 13650416 13650222 08877934
gd,n,15080939 14662219
general_assembly,n,08312980 08180172
genesis,n,07338980 06444046
genet,n,11014093 11013932 02139667
geneva,n,09055079 07921000
gent,n,10146723 09927483 08870492
gentianella,n,12316077 12314641
geordie,n,09723679 06960911
gi,n,13663479 06346843
gib,n,13650222 02125462
gibbon,n,11017738 02485993
gilbert,n,13663479 11019580 11019406 11019198 11019044
gipsy,n,10237501 10173755 09642482
glacial_epoch,n,15280006 15149816
glycine,n,14631171 12552513
gnostic,a,02860479 01308747
goat,n,02419165 09904118 09772829 08705447
god,n,09559169 09528550 10152827 03565341
gold_coast,n,08965960 08659319
golden_age,n,15320510 15278706 15255586
golden_rule,n,06668550 05966780
goldsmith,n,10156135 11025425
goliath,n,11025968 10148446
gopher,n,10154817 09763123 02360743 02356513 01673766
gore,n,11028309 05409096 03453197 00222045
gospel,n,06466808 06737072 07075374 06802268 05971119
gothic,a,03081225 03081071 03080970 01541543 00972292
grace,n,14481629 05010755 04907534 04647713 15142101 09518513 07204699 04847946
graham,n,11030381 11030183 07585209
gram,n,13745822 11030932
grant,n,13287915 00088243 13275136 11031555 11031394 11031119 06538610 05184004
grass,n,12122650 11032149 10694920 07817067 03997192
gray,n,04968868 03461130 08498020 02384016 13667291 11032989 11032842 11032672 11032470
green,n,04974368 08632949 11033320 10080712 09316972 08597308 07725078 03611785
grey,n,11036071 11035868 11035646 08498020 04968868 03461130 02384016
ground_zero,n,08678801 08597975 08597854
guaiacum,n,12743528 12743142 12742624
guarani,n,13701713 09714653 06930056
guest,n,10170460 11038679 10170653 03832647
guinea,n,13413861 09735835 08967092 01811747
gula,n,09541586 00760539
guru,n,10172136 10172409 10172283
guy,n,10172934 03477097 03476902
gymnasium,n,08301402 03477235
gypsy,n,10237501 10173755 09642482 06982496
h,n,14664612 13660884 13612326 06844976 05019456
hadith,n,05677025 00417422
halcyon,n,09509769 01831038 01829843
hall,n,03485035 02718424 03483990 03229596 03724120 11045121 11044904 11044727 11044578 11044415 03724592 03484204 03483839
ham,n,07685636 10177815 10177732 10177603
hamlet,n,08243899 09623065 08690476
hanuman,n,09549501 02491046
harpy,n,10778005 09519230 02143143 01616679
hart,n,11052696 11052537 02433983 92422125
hartley,n,11052999 92422125
hawking,n,11054870 01119289
he,n,14664099 06850196
heaven,n,08583035 05635568
hegira,n,00061368 00061234
hejira,n,00061368 00061234
helix,n,13899200 03069428 01947258
hell,n,08600365 07320525 05637465 05637164 00738084
heller,n,13703854 13703512 11058974 10189012
henry,n,13660884 11060592 11060377 11060236
herder,n,11064784 10191239
here,n,08506507 09586312
hero,n,10344679 05938456 09925991 11065101 10192757 09577426 07713570
heron,n,11065101 02010695
hertz,n,15304090 11066929 11066717
hf,n,14663734 05064744
hg,n,14669524 13746584
hi,n,06645018 09100742
highness,n,10194721 05144667 05104623
hill,n,09325914 03797581 11070052 11069933 03797867
hippo,n,08724959 02401173
hippocampus,n,05503912 01459272
ho,n,14664400 90012011 
hogan,n,11075449 03530020
hogg,n,11075802 02415433
holly,n,12777217 11076649
holocaust,n,01247865 01248018
holy_order,n,13974030 01041854
home_office,n,08131262 03509867
homer,n,00133175 11077376 13638327 11077543 01817562
hooker,n,11078431 11078330 10682754 10204302 10204124
hope,n,07526972 07556441 05959600 10204565 11079258 04855493
host,n,10206749 08199880 01388168 10318917 08200720 08498195 10206975 10206393 07698883 04182208
hotspur,n,11249489 10207765
hull,n,13160695 11712459 11085713 11085557 08897435 03553806
hum,n,14031535 08039725 07400403
hunt,n,11087037 11086928 11086762 08246700 05778254 00947217 00623824 00453279
hunter,n,10212645 10213338 09403029 03554530
hydra,n,09519392 09330458 05695974 01914793
hymen,n,09587500 05529585
i,n,14665575 13764713 06845083
ice,n,14939335 09331304 13393296 07636431 07629807 03759824 03585151 03563356
icterus,n,14343111 01574815
id,n,09103738 06900328 05621577
ilium,n,08806739 05282814
in,n,13671409 14665401 09107288
incarnation,n,10438047 06803702 15148506 00935074
independence,n,14017633 07489146 09129392
indian_mustard,n,11899102 07729508
inferno,n,08600365 07318315 05637465
inquisition,n,08349957 07209336
inquisitor,n,10227888 10228033
interior,n,08605849 08605707 08156000
intern,v,02501036 02451684
ionic,a,02761524 02761830 02761720
ir,n,14666397 08160486
ira,n,08041485 05920606 00760325
iron_age,n,15256561 15256430
islay,n,12667158 08914095
italic,a,03087226 03087090
italic,n,06362325 06974593 06840394
j,n,13748184 06845190
jack,n,13795187 10314263 10260997 07770660 03594859 03594700 03594500 03594407 03594280 03594138 02579206 02392595
jack_of_all_trades,n,10237834 10178882
jacquard,n,11098193 03596985 03596779
janissary,n,10239123 10239050
japan,n,08940154 08941623 03598549 03598409
java,n,08928021 07945759 06913829
jay,n,11101101 01582718
jenny,n,11102343 02392667
jeroboam,n,11102642 03600602
jersey,n,09134928 08907465 03600807 03600716 02409401
jezebel,n,11104504 10241840
jim_crow,n,05700199 03604304
job,n,00583425 00720957 03604821 03604953 00585806 00577914 00577754 14434009 11105392 10242619 06584658 06448609 00784446
john,n,04453410 11106269 11105914 10799671 06453909
jonah,n,11109858 10244116 06451594
jordan_almond,n,12666833 07766712
joule,n,13748184 11112730
judas,n,11114045 11113664 10244788 03608332
juggernaut,n,10246226 09553647 03609091
juneberry,n,12644285 07761637
junior,a,02107989 01018782 01653333 02108662
junior,n,10803957 10247063 10246936 10247160
justice,n,04857348 00695934 10244889 08152324
jute,n,14949783 09722577
k,n,13736861 14674986 13772984 13649142 13648977 06845298 03611785
kabala,n,06686515 05962967
kabbala,n,06686515 05962967
kabbalah,n,06686515 05962967
kabbalism,n,05963233 01215896
kabbalist,n,09904986 09904868
kafir,n,10248534 09709027
kafkaesque,a,03145834 01949505
kali,n,11855123 09549837
kb,n,13649271 13649142 13648977
kelvin,n,13736861 11120250
kern,n,11122343 03616382
key,n,03618503 05802065 04993396 06876801 13746948 12056695 11123094 09348301 08608465 06504429 06504179 06436512 04593867 03620342 03618801
ki,n,14074041 09541917
kid,n,09937051 14787025 11133479 09937706 02419466
king,n,10251212 10254721 09859605 14459136 11125453 11125288 11125044 03623548 03623428 03623310
kingmaker,n,11395082 10252945
kiwi,n,12391956 09743947 07779605 01523217
klondike,n,08849712 00496785
koine,n,06989988 06918892
kola,n,12217876 06997106
kr,n,14667094 08045752
kremlin,n,03633881 03633802
kwanza,n,13706037 00519208
l,n,13645547 13771784 13661999 06845406
la,n,14667296 09113391 06882036
labor,n,08197557 00621992 14071923 08489901 08278241 08154495 00797381
labour,n,08197557 14071923 08278241 00621992
labour_party,n,08278241 08277882
lady,n,10262834 10008828 10262488
lama,n,10263361 02440456
lamb,n,02415086 11135019 10263685 10263569 07682896
lambert,n,13661999 11135121
lanai,n,09102531 03642794
land,n,13270947 09358146 08574028 09357302 08562388 14538407 13267561 08183451 08185877 11135548 00454755
landau,n,11135775 03643328
lander,n,09182751 03643494
langley,n,13631114 11136632
lari,n,13722767 02043352
lascar,n,10266873 09199239
lasso,n,11138352 03649692
latakia,n,14739762 09056877
latinise,v,00997570 00387237
latinize,v,00997570 00963275 00387237
lauder,n,11138876 10268408
laurel,n,11724138 11139180 03654118
laver,n,11139624 03654602 01418165 01411384
lead,n,05164526 14667645 05835238 01259362 13915822 06281532 13617665 10668135 08609721 06664322 06281845 05058239 03658258 03656591 03656410 03610056 01258857
leading,n,03656591 01259004
lee,n,11144637 11144462 11144290 11144078 11143884 11143752 11143580 08609908
leger,n,13425421 11144951
legionnaire,n,10273584 10273400
lens,n,03661810 12564532 06271713 05327912 03662283
lesbian,n,10274662 09730926
let,n,08047773 00570110
li,n,14667971 13676292
lie,n,06769542 11151798 08641771
liege,n,10766249 10278791 08870679
lien,n,13422186 05341015
light,n,11494354 03670692 06220526 05025269 08663763 14587365 04958550 10296356 14006789 05815941 04960557 05620489 09207565 06887069 03671917
lilliputian,a,03092913 01395201 01284018
lilliputian,n,10282577 09624603
limerick,n,08909884 06392226
lion,n,02131817 10284767 09772126 08704559
liparis,n,12090882 02649774
liquidambar,n,12337370 12336961 12336817
lisp,n,14426167 06914712
lister,n,11154885 10285588 03683092
litany,n,07255423 06469112
liturgy,n,01037885 01035216
liver,n,05392877 07667661 10287996 10287877
loafer,n,10217586 03685681
lodge,n,11156963 08244135 03690966 03690812 03690633 03546876
lord,n,09559474 10408139 10291374
lordship,n,06354151 05205304
lot,n,13796604 08692708 08257090 14496806 03238126 07971317 10293366
lota,n,03696177 02525969
lotus,n,11737868 12565595 11736279
louvre,n,03698268 03698002
low,n,14544431 11162145 05104968 03354857
lower,v,01977139 00532569 00268741 01577754 00032974
lox,n,14672704 07812726
lucifer,n,09566482 09382368 03733928
lug,n,09533437 03701902 03700942 01939312
luger,n,03701183 10295637
lunger,n,10296928 09979480
lupus,n,14253394 09367346
lx,n,13771918 13662195
m,n,13681046 05047235 13772984 13649707 13649517 06845514
ma,n,10297825 06713764 13659092 09117607
mace,n,14968755 10298153 07831270 07282166
macon,n,09100067 07912636
madras,n,08925435 08924360 03709401
maffia,n,08262723 08262470 08262346
mafia,n,08262723 08262470 08262346
magenta,n,04971763 01288277
mailer,n,11169752 10302617 07264004 03716067
main_street,n,03718268 08689560
major,n,10302867 11170624 10303063 06006837
maker,n,10303761 09559474 08077282
malacca,n,12157098 08985168 03720814
male,n,01323721 09647338 08987826
maltese_cross,n,11832390 03721630
mama,n,10297825 09542327
mammon,n,14516218 09514455
man,n,10306910 10602198 10308700 02474924 10308837 10308424 10765000 10308177 08907943 03721866 02475618
mandarin,n,12730661 10309524 10309427 10309332 07763927 06942870
manhattan,n,09143261 07931858
manila,n,14971077 09004116
mannerism,n,04771497 00757016 92471097
mantle,n,06897006 11175186 09369347 09246632 05251388 03724882 03155743 02959203
mao,n,14978107 11175434
mar,n,15235666 04699505
mara,n,09550047 02367760
marathon,n,00799022 07475503 01289062
march,n,15235666 00291423 00283684 08444976 08530235 07072336 06713607
mare,n,02380132 09369510
maria,n,09369510 12385675
marine,n,10313800 10313979
mark,n,05745098 07284884 07276776 06811608 04683421 06807523 13710138 11176933 09940867 06830640 06659006 06453473 04701248 04688744 00065609
marquis,n,11178354 10315140
marseille,n,08956606 03729025
marsh,n,09370676 11178641 11178523
marshall,n,11179204 11178972 11178744 10315837 10315612
martin,n,11180045 11179910 11179809 11179688 01598265
mason,n,11183150 11183031 11182905 10317198 10130913
masonic,a,02906670 02906520
masonry,n,03731208 08252434 00610164
mass,n,05031420 13796604 07978738 01044274 09370952 08197108 05106651 07047240 07047100
mat,n,03733328 03733809 03733437 09371724 06714014 04963287 04052867 03733622
maxim,n,07167656 11186050
maxwell,n,13659854 11186494
may,n,15236280 12648511
mayflower,n,03738483 12255568
mb,n,13649880 13649707 13649517 06711988
md,n,14669270 10040615 09116186 06716084
mead,n,11190238 11190113 07906725
meany,n,11190754 10323945
mecca,n,09016460 08616124
medina,n,09016709 08645883
medusa,n,09521044 01912893
megillah,n,07232959 06419882
menorah,n,03751646 03751496
mephitis,n,15060542 05722841 02448645
mercer,n,10329452 11195435
mercurial,a,00346106 02877956 02877730 02877560
mercury,n,14669524 09585833 09374305 05021492
meridian,n,13963489 09127772 08616379
merlin,n,11196378 01614916
merman,n,11196517 09512827
mesa,n,09374802 09080534
messiah,n,09560771 09560613 09560436 07056151
mg,n,13745171 14668427
mi,n,14136503 13682724 13682449 13672836 09122118 08364133 08363582 06881632
micrometer,n,13680266 03765190
midi,n,08963374 06678775
midland,n,09168290 08606151
midway,n,08632321 01290275
midweek,n,15189280 15161294
milk,n,07860018 05406377 09377677 07860580
mill,n,03321351 11199492 11199277 03771096 00359116
miller,n,11200199 11200019 11199913 10337745 03771579 02286269
millet,n,12156415 11200347 07818939
min,n,15259561 06943410 09535746
miro,n,11678782 11201825
miss,n,10149362 07334374 06352619
mn,n,14668832 09124616
mo,n,15271664 14669839 09128437
mobile,n,09379536 09076943 03781824
modern,a,01539804 00976094 00415873 01882360 00824544
mogul,n,13918242 10346549 09859605
mohawk,n,09681436 06929089 05268427
mole,n,13746191 09989722 07854527 04701152 02897867 01892161
moloch,n,10481571 09542589 01691602
mongoloid,a,03099367 03099143 03099007
mongoloid,n,10348407 10348226
monitor,n,10498545 09791278 03787963 03787723 03787539 03787320 01697350
monk,n,10131898 11205490
monopoly,n,14467792 14467580 00506249
moon,n,09381255 09381447 15232668 11505375 11209044 09381123
moor,n,09742775 09381648
morocco,n,08991642 14787238
moron,n,10217144 08731118
mosaic,n,03793292 14304277 06583966 05940766 03793580 03793437
mot,n,06789622 00796822
mound_builder,n,10354174 01803729
ms,n,14117550 09126551 06714902 06418622 06352895
mt,n,14669141 13747698 09130786 06142954
mugwump,n,10357358 10357201
mull,n,09385842 08914238
muller,n,11216036 11215903 11215761 11215609 11215442 11215285 10359217 03925552 03803687
munch,n,11216198 00843054
muscat,n,13168571 08997805 07917697 07776129
muscovite,n,14707246 09748404
muse,n,09589128 05843486
mv,n,13664075 14669270
myrmidon,n,10363180 09620802
n,n,14671413 13853375 13669285 13602112 06845622
nan,n,10364746 10162267 09387851 07700034
nanna,n,10162267 09605194 09543238
napoleon,n,11220266 07642695 00494753
narcissus,n,12441972 09522469
nasturtium,n,12740444 11913473 07835745
nation,n,08185877 08183451 11221051 08320622
nativity,n,07334902 06202643
navy,n,08208631 04976880 08208917
nazi,n,10369951 10370215
nb,n,14671120 06777091
nd,n,14670060 09152115
ne,n,14670330 13854042 09132074
neandertal,a,03100579 01956681
neanderthal,a,01956681 03100579
nebuchadnezzar,n,11222053 03819486
nelson,n,11223049 00814997
nemesis,n,09590550 14468692
never-never,n,13317775 08522286
new,a,01645077 01691809 00940455 00129805 02077895 02595137 00824777 00824544 00821577 00025079
new_deal,n,06669854 15286282 01086772
new_wave,n,08486928 08482569
newmarket,n,03827438 00494319
newton,n,11225365 13669285
night,n,15192074 15192624 15192521 15180707 14007202 15194806 15192396 09582898
nightingale,n,01562746 11227400
nip,n,13795390 09738048 05723811 05022862 05000286 00843942
nipa,n,12612658 07907588
nm,n,13679972 09137349
no,n,07219764 14671900
nonconformist,n,09977612 09977313
nordic,a,03104119 03103985 00245180
north,n,09075108 09074770 13853375 08578618 13857626 13853640 11229780
northeast,n,13854042 08581519 13857745 08578767
northwest,n,08581668 13858452 13857084 08579483
np,n,14670581 10387518
numbers,n,06444919 00509558
nun,n,10387708 07281584 06851162
nut,n,13157333 09535970 03841711 13734697 09994026 09788499 05532266
nyala,n,09052752 02427555
o,n,14672278 06845730 05408572
ob,n,09398803 06062970
oblation,n,01043530 01043381
occident,n,08700313 08700127
occidentalism,n,06167773 05175454
odyssey,n,00309105 06393816
oersted,n,13659723 11232416
oestrus,n,14061746 02197251
offertory,n,13291671 01038226
ohm,n,13668434 11233084
old,a,01648062 01642580 00969546 00939566 01733798 01127641 00823788 00128009
olympian,a,03104837 03104642 02347861 01680620
opera,n,07039821 06584114 03855334
opposition,n,00203133 13876846 01172234 10399319 08420744 13851118 10075655 08421145
orange,n,07763583 04972356 12729053 15015777 09402617
order,n,07183274 05098520 13991994 08474004 14520294 06551761 06541210 08244135 06665623 13974030 08164801 08123900 07294392 04706004 01011813
orient,n,08580157 08579780
orientalism,n,06167901 05175590
orphic,a,02782677 00903364
orthodox,a,02964966 01694333 02965144
os,n,05309921 14672085 06580310 05319752 05277400
ottoman,n,09754545 08173404 03863938 03385570
oxford,n,08898034 09100192 03874187 03874084
p,n,14673375 06845838
pa,n,10007601 14675887 13733408 09157081 04024549
pablum,n,07718798 06624527
pacific,a,02957981 01745918 00763693
paddy,n,09734917 08631804 07820876
padre,n,10336185 10100973
page,n,06267274 11240139 11239982 10411115 10410947 10410785
palatinate,n,08793272 08570961
palatine,n,10414028 10413840 08815264 05285651
pan,n,03886228 09591370 03886020 02484260
panacea,n,09586171 03886467
pantaloon,n,09625784 09625658 03890251
para,n,14070653 13693415 10418718 09407664 08873847
paradise,n,08583035 05636722
park,n,08632724 08632949 02785801 11242645 08633213 03896578
parliamentarian,n,10420136 10420008
paronychia,n,14202276 11833778
parr,n,11244036 02537711 02516358
pascal,n,13733408 11244409 06915891
passer,n,10424417 10424295 10424171 10423987 01542413
passion,n,07496036 04635549 14062661 09204454 07503928 05821331 14348629
pastor,n,10003102 01579906
pasty,n,07888146 03903456
pate,n,07873935 05547228
patella,n,05285894 01951558
paternoster,n,06469466 03904797
pavlova,n,11247390 07627746
pb,n,14667645 13652006 13651848 13651674
peacemaker,n,09971642 02910981
peel,n,11248029 07754329
pengo,n,13698863 06993745
pentagon,n,03918615 08224016 13904858
peripatetic,n,10436477 09827503
perm,n,09031742 05268016
perry,n,11250659 11250392 11250148 07938387
peshmerga,n,08047132 10437033
pet,n,01321385 10011405 07568642 00904074
petunia,n,12930181 12930012
phallus,n,13060868 05534035
pharisee,n,10441084 10440928
philistine,a,03110849 01336838
philistine,n,10442776 10442616
phiz,n,10886325 05609112
phlebotomus,n,14242969 02206736
phoebe,n,13766661 09600486 01552527
phoenix,n,09080839 12614587 09524068 09413860
phosphorus,n,14673375 09382368
photostat,n,03933777 03933537
pi,n,13776148 10496256 10494748 06848790 04020369
pica,n,14079459 13734533 01584752
pie,n,07641102 06954856
pied_piper,n,10452084 09626138
piedmont,n,09074556 09414537 08827601
pietism,n,08492733 04834406
pigmy,n,10516211 10516074
pilgrim,n,10452205 10452438 10452296
pin,n,03946989 07486511 07286496 06900491 05569340 03958247 03947289 03947170 03946532 03911849 02885888
ping,n,09415400 07404169
piper,n,10454808 13169822
piston,n,11255916 03955226
pitman,n,11256033 09951966
plantation,n,13273412 08391700 03468764
platonic,a,02791486 01731876
plimsoll,n,08613892 03973602
plough,n,09242765 03973894
pm,n,00142216 14675658 09926654 06292501
po,n,14674735 10440554 09419025 08162285
poinciana,n,12519244 12510320
pole,n,03983015 09746969 05959426 13672539 13635960 08638674 08638456 04420286 03983516 03983318
polish,n,04962337 14483408 15020587 06957482
poll,n,05809006 05547228 05546645 01819987 00655054
pollack,n,11260986 07805216 02526833
pollock,n,11261096 07805216 02526833
polo,n,11261290 00478650
pompadour,n,11261645 05267723
pons,n,11262311 05508643
pope,n,10473089 11262733
popper,n,11262839 03990172 03990070
porter,n,10475013 10046278 11263414 11263258 11263092 10474871 07906201
post,n,08641960 03768938 00587299 03994528 11263897 11263710 11263552 08480074 07272483 06275051 00319012 90000031
post_office,n,08162561 08162285 00488337
pound,n,13742201 13708765 13742407 13717779 13717525 13717041 13716762 13716122 13715746 13669802 11264540 06822614 04000061 01177806
pr,n,14675391 08770807 07262593
praetorian,a,03113275 00624670
predate,v,02718318 02698528 01206120 00277856
president,n,10488144 10486961 10486745 10488547 10488335 00598380
pretender,n,10489564 10221154 10215212
pretorian,a,03113275 00624670
price,n,05152365 13324337 05171334 05148930 07181692 13324781 11266398
prime_meridian,n,08617044 08616848
prime_minister,n,09926654 09926439
primus,n,10492275 04009599
process,v,00516235 02443400 00640499 02588127 02000767 01672498 01441318
promised_land,n,08816234 08583035 05636887
protestant,a,02963959 00516100
providence,n,09160159 01134648 14497501 04900165
psalm,n,06478458 06478348
psyche,n,05619057 10646444 09600779
pu,n,14673953 92364728
puck,n,09564920 04025935
pueblo,n,09686327 09090805 08691011
punic,a,03116197 00963283
punt,n,13716762 04031377 00137804
puritan,n,10513958 10513780 10506611
purple_heart,n,06721414 04263262
pus,n,15245781 05424816
pygmy,n,10516211 10516074
pyramid,n,13937870 13364299 04035601
pyrethrum,n,12043188 12042851 12042523 12026338
python,n,01746246 10516512 09524330 83541804
pythoness,n,10516631 09593808
pyxis,n,13160259 09424488 04036890
q,n,06845946
qibla,n,08699387 08057274
quaker,n,09699104 10517631
quaternary,n,15149497 13766444
quiche,n,09686802 07635203 06938797
r,n,13667510 13611282 06846054 05109363
ra,n,14676100 09536351 08650766
rabbi,n,10521914 06352979
raffia,n,15027113 12616066 12615507
raja,n,10525325 01504091
ram,n,04059869 09771577 08703867 04057522 02414726
rand,n,13718628 11273620 09024251
ranger,n,10724361 10111867 09961754
raphia,n,15027113 12615507
ravel,n,11275075 07457610
re,n,14676569 09536351 06881495
reading,n,05816802 07188417 05824916 06610383 05937299 08900450 07249541 01006524
real,n,13752012 13690013 13410750
reaper,n,10180956 09511714 03502017
rebel,n,10647730 10229738 10323321
recap,n,06481048 04091054
reconstruction,n,15286469 00270102 07188789 05770255
recover,v,02252785 00092442 00529419 02254246 02231615 01339223
recreate,v,00738804 00024272 01622373 01697776 02423521 01821905
red,n,04969961 09428827 09883155 13348253
redeemer,n,11103646 10533216
reed,n,12157237 11276484 11276325 04074000 02820934
reef,n,09429671 09024251 03463893
reformation,n,14447491 08492940 00096791
reformed,a,01696428 01964122
regency,n,15324238 15320846 00600085
reign_of_terror,n,15285462 15285247
rem,n,14049226 13667846
renascence,n,15284623 07335847 01049727
republican,n,10542226 10542088 09430510
requiem,n,07064659 07047400 01044693
restoration,n,15286679 00269401 00090171 14447921 04090580 04070101 01310097
resurrection,n,07326636 01049983
reticulum,n,09431290 05509136 02402300
revelation,n,07228055 05816110 07227892 06459567
revere,n,11278491 04092001
reverend,n,09946909 06353143
rf,n,15047861 14677595 05509741
rh,n,15062444 14676802 05419585
rhea,n,09599516 01524397 01524040
rheum,n,14877834 12623611
rice,n,07820299 12146407 11279767 11279625
riff,n,10550050 07059846
riot_act,n,06551067 06550886
ritz,n,11283548 06902925 04102203
riverside,n,09438462 09087338
rn,n,14676283 10536120
rock,n,09438954 14720954 11286910 10554923 07624692 07078755 00348834
roentgen,n,13667510 11288316
roman,n,09736329 09736443 06840553
romance,n,13954469 05215690 06976693 06382890 06380839
romanticism,n,05160149 06164599 05215690
rota,n,08352341 06508853
round_table,n,07160022 04121648
roundhead,n,10560213 10560083
router,n,10560429 04121938 04121813
row,n,08448447 07198809 09440243 03124680 08450457 05052831 00446336
royalist,n,10347490 09921581
rush,n,00556685 07454840 11763763 11294259 07543858 07450952 00561330
ruth,n,11296090 11295942 07569430 06446038
rutherford,n,13667702 11296539 11296275
s,n,15259923 14680398 13855574 13658719 06846162 05019769
sabin,n,13632058 11297269
sac,n,13937488 13113481 09687420 05523321
sagitta,n,09441832 01926950
sake,n,05150324 07907408 05992232
saki,n,11216617 07907408 02495579
salmon,n,02537365 09443301 07811727 04972548
salt,n,15035270 07829083 07164290 05725289
sand,n,15043597 11300003 05039506
sapphic,a,02027708 01205665
saratoga,n,02547784 01296620
saskatoon,n,08849108 07761637
satanic,a,01136015 02941816
saturnalia,n,00519498 00512223
savannah,n,09100332 09447743 08663422
savior,n,11103646 10573233
saviour,n,11103646 10573233
savoy,n,08965050 07730640
sax,n,11303148 04148141
sb,n,14652846 06712342
sc,n,14678010 09160577 08313253
scholastic,n,10431101 10578324
scholasticism,n,05984932 04809328
schoolman,n,10579111 09778642
scleroderma,n,14588777 12989642
sclerotium,n,13103589 13043663
scorpion,n,09772535 08705083 01773034
scotch,a,03036161 02430138
scotch,n,13928411 07923788
scout,n,10290913 10582611 10582396 10582177
scrabble,n,04162371 00503172
scribe,n,11309989 10584088 09984335 04162518
scripture,n,06443410 06442055
sculptor,n,10585500 09449372
se,n,14678354 13855040
seal,n,04167097 04166119 14790219 10368257 06869035 06718747 04166606 04166415 02078848
seaman,n,10314263 11310643
sec,n,15259923 13810902 08441001
secession,n,08487045 00385912 00385741
second,v,02562643 02398446
secretariat,n,08341204 02387080
secretary_of_state,n,10592150 10123563 00603141
seine,n,09452656 04175602
selective_service,n,08370490 01160337
senate,n,08178376 08178490
sepia,n,04980653 15046494 01975052
sept,n,15237535 07987168
service,n,00578562 01212066 01034072 08202965 00585928 08215077 11313626 05157079 04182441 00855279 00580601 00569467 00319217 00268956 00099445
set,n,08013131 08016141 00626939 04304614 08257090 06209437 01054777 15281228 13512263 09536704 07378145 05682428 04183589
sewer,n,04186187 10603770 14499576
sexton,n,11314572 10604669
shaker,n,10605384 10605181 04190372
shape,n,05071206 00028005 05224424 05949928 04684871 14569829 08191066 05939522
sharpie,n,10060753 09914361 04192572 04192372
shearer,n,11316765 10606635 10606497
shiva,n,15321732 09551861
shower,n,04216003 00258447 11522915 07378268 10090370 08272716
shudra,n,10613692 08324370
shylock,n,10762041 10561958
si,n,14678720 13599470 06882179
siamese,n,06948926 09753726 04219640 02126249
siemens,n,13658719 11319885 11319765
signora,n,10617297 06353732
signorina,n,10617589 06353860
silenus,n,09571618 09571445
silesia,n,09189327 04226134
silex,n,15065757 04226252
sin,n,04835188 00758433 13809591 09545129 06851918
singer,n,10619214 11322767 11322610
sir,n,10620859 10620934
siren,n,10621248 10075218 07280494 04231457 01641828
sister,n,10622393 10621878 10621666
sitter,n,11323517 10623367 09848551 09832624 01795596
skinner,n,11324806 11324664 11324456 10627222 10357807
sleeping_beauty,n,10630633 10630783 08093291
slough,n,14336867 09461217 09461116 09460959
sm,n,14677775 06714902
smilax,n,12490441 12462057
smith,n,11326292 11326170 11326003 11325846 11325740 11325606 11325397 11325253 10634328 10634145
snake,n,01729333 10635218 09461458 09330458 04255138 03975218
snow,n,11528800 15068330 11327077 03070747
sob,n,14393527 09834593 00870347
sod,n,09487049 15089592 10640876 10172934
soddy,n,04263009 11327582
sodom,n,08813732 08813506
soho,n,09144286 08895284
sol,n,14614975 09584722 06881894
solferino,n,04978789 01297644
soma,n,13258886 09552205 05224424
sombrero,n,09010703 04266740
somerset,n,08903406 00440424
son,n,10643436 09560255
song,n,07062058 07409188 00547426 06809500 13274910 08175640
sop,n,07877397 07231275 01026910
sophist,n,10644461 09919381
sorghum,n,12157637 12157461 07876079
south,n,09073186 09072700 13855574 08579120 13858098
southeast,n,13855040 08581015 13857980 08578999
southwest,n,13856085 08581164 13858217 08579251
spam,n,07588912 06291000
spark,n,07426910 04960557 11531956 13795739 11329608 09465245
spartan,a,02984235 01998544 01304251 00009637
speaker,n,10649550 03696785 10650671
spender,n,11330518 10654858 10654673
sphinx,n,10655186 09525430 04281926
spiraea,n,12816315 12680117 12679964
split,n,00438869 13792216 13307663 09466040 09433806 08836868 07632199 04289802 00439983 00392215 00387484
sr,n,14679910 13634034
state,n,08671935 00024900 08195465 08185877 14503199 14011983 08562388 08154738
stein,n,02827200 11334661
stentor,n,10673650 09514915 01399258
stern,n,04323784 11336823 05566889
stinger,n,07934549 06734210 04327543 02468324 01177478
stoic,a,00861745 03031868
stoic,n,10678115 10678306
stoicism,n,04637735 05985815
stoker,n,11338819 10678481 04332730
stone,n,09438954 04333222 14720954 14723913 13742705 11705208 11339805 11339699 11339565 11339408 11339129 04637315
strand,n,05940848 04339921 03003364 14892009 09470815 08675379
suckling,n,11343443 10387990 01325902 00844658
sucre,n,13729690 08872604
sudra,n,10613692 08324370
sulla,n,12555367 11344085
sun,n,09473312 11505767 10694335 09473603 15188844
superior,n,10695457 10695315 10772598 09356077 09181435 06832889
supreme_court,n,08352813 08353115
surinam_cherry,n,12715247 12352547 07762310
surrey,n,08905188 04372199
swede,n,09751855 11898329 07752063
swedish_turnip,n,11898329 07752063
sweet,n,11346725 07625449 07612255 05724524 05001591
swift,n,11346994 11346864 01834808 01683296
syringa,n,12812089 12330670
t,n,15097424 14854334 13747698 06846270 05421216 05420990
tabasco,n,08763520 07842067 07737797
tabernacle,n,04385929 04385738 04381822
tallis,n,11349803 04004691
tamale,n,08966585 07895635
tang,n,05000286 08175819 05723811 01407891 01407748 01406354 01406236
tanga,n,13724725 09058426
tantra,n,06475911 06252557
tartar,n,15037836 10049454 09664724 09478055
tat,n,04825691 01010039
tb,n,14681745 14166897 13651315 13651137 13650943
tc,n,14681226 08313421
te,n,14681407 06882179
tear,n,05412667 09433806 00511734 00391894
tear,v,01576346 01559128 02059191 01386929 00066748
teller,n,11355036 10718595 10718466 10365535
terpsichore,n,09590173 00429255
terry,n,11356539 04421611
tesla,n,13660488 11356845
testament,n,05808280 06556133 06661335 06465393
testudo,n,04423140 01673019
thanksgiving,n,15225951 07204699
thatch,n,05268809 15094279 11353998 04424807
thatcher,n,11357774 10724860
thunderer,n,09597528 04439059
thymus,n,12891152 05340117
ti,n,14683390 12499011 06882179
tidewater,n,09481502 09074354
tier,n,14451564 10730158 10730052 04441193 04441039
timothy,n,12151066 11362761 07818128
tinea,n,14148948 02294592
titan,n,09958449 09595603 09482399
titania,n,14640918 09569582
tom,n,02125377 01796985 82474586
tower,n,04467365 13923115 04503138
town,n,08683242 08243435 08689937 11366705
transfiguration,n,15324610 07372977 00403116 00400525
transportation,n,04480667 00316812 13329169 08160653 01107164 00208610
trapezium,n,13904038 09484199 05280390
treasury,n,13378158 08137210 13415499 10747110 08156795 04485060
tree,n,13124818 13935275 11368155
triangle,n,13901977 13902291 09484854 04488251 04488109
trilby,n,10749219 03330886
trinity,n,13766184 09559900 08002508
tripoli,n,14960612 08979872 08977766
triton,n,09596323 09485361 01950376 01632925
trojan,n,09769855 06597728
trojan_horse,n,08376680 06597728 04493974
trot,n,00295034 10750670 06358595 00288405
troy,n,13738595 08806739
truth,n,05827597 13979774 06736815 04810156 11370700
tuber,n,13149124 13005996
tucker,n,11371524 11371342 10752405 04502478
tupelo,n,12361515 12360900 09128006
turkey,n,01796799 09061886 10243965 07663340 07379793
turner,n,11373190 11373073 11372878 11372696 10753231 10753144 10753007 04507355
tutu,n,11373996 02783838
tv,n,06287933 04413042
twin,n,10754051 09771850 09487465 03122590
twins,n,14907668 08704233
twitter,n,07394177 90000051
tyke,n,10754548 10430560 09937051
tyre,n,08978107 04447883
tyrolean,n,09754455 04513183
u,n,15108924 14684622 06846378
ulster,n,08908408 04513697
union,a,01610796 02483666
union,n,08249977 09074770 00848970 14441799 13987306 13592568 08321825 08015154 07387877 04517110 00382488
usher,n,11377874 10761768 10761478
ut,n,15155157 09169783 06881359
utopia,n,07297903 13955078 06381801 05639839
utopian,a,03031707 02507751
v,n,13664755 14685199 13766661 06846486
vaisya,n,10764512 08324197
valentine,n,10764849 06640323
vandal,n,10765724 10765863
vandyke,n,11379862 05270815
varna,n,08732799 08323595
vat,n,04500676 89535166
venturi,n,11382880 04534605
vernier,n,11383652 04536403
vesper,n,09299778 01036603
victorian,a,03039307 01886245 01541854
villa,n,11386400 04542819 04542665 04542547
village,n,08243620 08690476 09145635
viola,n,12408150 12407995 04543630
virgin,n,10774925 09772258 08704717
virgin_birth,n,13553950 06202643
volunteer,n,10778999 10778819 09765063
w,n,14683691 13856598 13666001 06846594
wac,n,10781630 08229661
wagon,n,04550444 03984324 09242765 04550795 02817668
wain,n,11390196 09242765 04551210
wake,n,11431724 08857548 07358968 01031915
walker,n,11391249 11391120 10431800 04553034 04552757 04552591
ward,n,10786688 08690135 04557205 11394276 11394080 11393892 02995487
warner,n,11394584 10787690
warren,n,11394947 11394784 09497895 08696253 08013040
wasp,n,09662557 02214714
waterloo,n,08871057 07491991 01301967
waters,n,11396064 05406970
watt,n,13666001 11396737
wave,n,07366790 00346921 07360193 07367435 07288732 05266723 13891583 11544884 10790734
weber,n,13660056 11398924 11398800 11398657 11398457 11398249
weld,n,12406347 11400650 04579244
west,n,08700313 13856598 08700557 13858335 11402393 11402273 11402107 08579372
western,n,06628388 07714417
wheeler,n,11403273 10795328 10795204 10005719 02390233
wheeling,n,09179792 00123350
whistler,n,11403420 10797436 02364358 01853014 01559155
white,n,09660255 04967906 11404286 11404154 11404017 11403912 11403762 11403541 09501485 07857013 04587272 03361927
whitehead,n,11404561 05252969
whoop,v,00916168 00006100
wiener,n,11405606 07692347
wight,n,09995959 09502368
wilderness,n,14437235 09502554 08701286 05124030
wimp,n,10801493 09499847
wind,n,11546388 11435606 00838198 07151419 06664322 04594218 00841258 00346467
wind,v,01886807 02744576 01525056 02129688 01524685 01519597 01457813
wisdom,n,05934868 04897307 05624890 05167331 06472194
wise,n,04938910 11413310 11413119
wolf,n,02116752 11414393 11414209 10806873 09864997
wolverine,n,09763021 02451981 02451814
wood,n,15122728 08455525 11415890 11415768 11415604 11415461 04605909 04604393
word,n,06297048 06750911 06654787 07183893 07155367 07241961 13648798 09560255 06686933 06443410
wordnet,n,06652077 06651729
worth,n,13786482 05145473 11417880
wren,n,11418190 01586866
wright,n,11419118 11418950 11418778 11418606 11418484 11418339 10813210
x,n,13768652 06846713 02681592
xerox,n,04616593 04616281
xi,n,13768812 06848575
y,n,14685919 06846826
yahoo,n,10823706 10821497 06591303
yb,n,14685661 13653922 13653781 13653625
yogi,n,10868542 10823582
young,n,01324070 11424276 11424136 11423824 11423688 11423596 11423452 11423216 07960326
young_turk,n,10824336 10824240
yuan,n,13732097 08177045
z,n,07369614 06846940
zaire,n,13732548 08752218
zb,n,13653306 13653148 13652973
zealot,n,10824878 10421831
zephyr,n,11451868 09596739
zeppelin,n,11426137 04621729
zinfandel,n,13168163 07914308
zip,n,13762308 06367112 05043116 04245427
